symbol,open_time,datetime_utc,datetime_kst,open,high,low,close,volume,quote_volume,trades,taker_buy_base,taker_buy_quote,sum_oi,sum_oi_value,cvd_delta,oi_delta,net_long_delta,net_short_delta,top_acc_ls_ratio,top_pos_ls_ratio,global_acc_ls_ratio,taker_ls_vol_ratio
BTCUSDT,1785542400000,2026-08-01 00:00:00,2026-08-01 09:00:00,62859.9,62945.3,62859.8,62928.9,460.103,28944161.5569,8091,295.29,18576817.1638,109489.826,6890085260.35400009,130.477,-9.913,55.3255,-75.1515,2.36265734,1.611983,2.20090658,1.791775
BTCUSDT,1785542700000,2026-08-01 00:05:00,2026-08-01 09:05:00,62928.9,62941.4,62904.1,62922,104.112,6551214.3098,4260,48.084,3025578.4102,109479.913,6889214072.1397543,-7.944,15.648,11.676,19.62,2.36213405,1.612411,2.20111254,0.858165
BTCUSDT,1785543000000,2026-08-01 00:10:00,2026-08-01 09:10:00,62921.9,62945.4,62921.9,62927.2,139.692,8791931.4836,3988,68.217,4293440.7534,109495.561,6890621351.06659985,-3.258,3.591,1.962,5.22,2.36288654,1.613247,2.20237678,0.954498
BTCUSDT,1785543300000,2026-08-01 00:15:00,2026-08-01 09:15:00,62927.2,62941.1,62905.5,62932.4,158.631,9981529.3463,4720,76.89,4838067.9266,109499.152,6891618684.1711092,-4.851,-13.056,-15.4815,-10.6305,2.36254123,1.613754,2.2028312,0.940947
BTCUSDT,1785543600000,2026-08-01 00:20:00,2026-08-01 09:20:00,62932.4,62947.9,62920.6,62942.4,83.255,5239750.1236,2660,44.464,2798378.6687,109486.096,6891306700.26080036,5.673,1.667,4.5035,-1.1695,2.36506027,1.613392,2.20645827,1.146232
BTCUSDT,1785543900000,2026-08-01 00:25:00,2026-08-01 09:25:00,62942.3,62974.4,62942,62942,131.669,8290036.8981,3723,71.801,4520687.3134,109487.763,6891378778.74600029,11.933,51.789,57.7555,45.8225,2.36859934,1.613808,2.20936891,1.199388
BTCUSDT,1785544200000,2026-08-01 00:30:00,2026-08-01 09:30:00,62942,62960.4,62905.2,62955.8,249.917,15727900.0966,5550,152.414,9591884.7257,109539.552,6896321502.43070412,54.911,-22.095,5.3605,-49.5505,2.36550239,1.61086,2.2082652,1.563211
BTCUSDT,1785544500000,2026-08-01 00:35:00,2026-08-01 09:35:00,62955.8,62960.6,62940.9,62960.5,117.355,7387614.5107,3292,77.236,4862068.2749,109517.457,6895284803.19419956,37.117,-4.183,14.3755,-22.7415,2.36485126,1.610741,2.20721457,1.925203
BTCUSDT,1785544800000,2026-08-01 00:40:00,2026-08-01 09:40:00,62960.5,62972.8,62950.2,62971.4,95.736,6028023.764,2605,51.382,3235271.2628,109513.274,6896204182.36359978,7.028,-15.592,-12.078,-19.106,2.36699301,1.611041,2.21028756,1.157663
BTCUSDT,1785545100000,2026-08-01 00:45:00,2026-08-01 09:45:00,62971.3,62995,62970.2,62980,135.757,8550247.2811,3699,91.096,5737368.4399,109497.682,6896174962.12819958,46.435,2.382,25.5995,-20.8355,2.36902197,1.610011,2.21225754,2.041624
BTCUSDT,1785545400000,2026-08-01 00:50:00,2026-08-01 09:50:00,62980,62987.6,62941.6,62941.7,60.575,3813775.2008,2752,25.554,1608977.3588,109500.064,6892109228.26239967,-9.467,-29.473,-34.2065,-24.7395,2.36893937,1.609994,2.21256133,0.729762
BTCUSDT,1785545700000,2026-08-01 00:55:00,2026-08-01 09:55:00,62941.6,62942.5,62902.2,62909.4,196.046,12334930.1737,3904,69.946,4400793.7722,109470.591,6886729197.45540047,-56.154,-10.28,-38.357,17.797,2.36921484,1.610417,2.21219849,0.554666
BTCUSDT,1785546000000,2026-08-01 01:00:00,2026-08-01 10:00:00,62909.4,62929,62909.4,62928.9,77.264,4861561.0436,2930,41.003,2580033.2875,109460.311,6888332767.55152416,4.742,-33.67,-31.299,-36.041,2.37173639,1.609757,2.21587988,1.130836
BTCUSDT,1785546300000,2026-08-01 01:05:00,2026-08-01 10:05:00,62929,62935.1,62922.2,62933.8,141.176,8884219.8347,3136,65.88,4145658.8444,109426.641,6886645282.0298996,-9.416,1.272,-3.436,5.98,2.37218413,1.609519,2.21620516,0.876122
BTCUSDT,1785546600000,2026-08-01 01:10:00,2026-08-01 10:10:00,62933.8,62944,62915,62944,37.266,2345196.6616,1961,20.941,1317836.1324,109427.913,6887425672.59389973,4.616,-3.224,-0.916,-5.532,2.37282396,1.60967,2.21686465,1.282897
BTCUSDT,1785546900000,2026-08-01 01:15:00,2026-08-01 10:15:00,62943.9,62953.3,62919.8,62919.8,136.135,8568762.3819,3106,50.673,3189519.7937,109424.689,6885259755.02511024,-34.789,-12.274,-29.6685,5.1205,2.37448202,1.61035,2.21883036,0.592931
BTCUSDT,1785547200000,2026-08-01 01:20:00,2026-08-01 10:20:00,62919.9,62964.6,62906.6,62911.8,177.929,11197895.4761,4408,52.722,3317866.9795,109412.415,6883331969.99699974,-72.485,-20.062,-56.3045,16.1805,2.37647784,1.609892,2.22099867,0.421054
BTCUSDT,1785547500000,2026-08-01 01:25:00,2026-08-01 10:25:00,62911.9,62939.9,62888.9,62923.9,299.852,18862985.4603,5905,169.85,10684906.2663,109392.353,6883699779.52509975,39.848,-18.636,1.288,-38.56,2.37489849,1.608018,2.21825227,1.332218
BTCUSDT,1785547800000,2026-08-01 01:30:00,2026-08-01 10:30:00,62924,62924,62897.2,62897.2,125.626,7902875.8972,3109,27.892,1754572.8771,109373.717,6879311490.26410007,-69.842,-12.932,-47.853,21.989,2.37511552,1.606977,2.21875365,0.285375
BTCUSDT,1785548100000,2026-08-01 01:35:00,2026-08-01 10:35:00,62897.3,62928.2,62897.2,62928.2,72.115,4536503.5102,1846,41.17,2589874.359,109360.785,6881883612.73069286,10.225,-2.535,2.5775,-7.6475,2.37465704,1.607068,2.21847316,1.330441
BTCUSDT,1785548400000,2026-08-01 01:40:00,2026-08-01 10:40:00,62928.2,62953.5,62928.1,62945,57.889,3643789.8263,2084,32.99,2076470.6793,109358.25,6883559084.58115101,8.091,0.734,4.7795,-3.3115,2.37480751,1.607232,2.21946565,1.325547
BTCUSDT,1785548700000,2026-08-01 01:45:00,2026-08-01 10:45:00,62945.1,62955.2,62936.3,62936.4,47.094,2964318.5681,1835,11.222,706379.4458,109358.984,6882660760.61760044,-24.65,13.792,1.467,26.117,2.3750735,1.606918,2.2201901,0.312759
BTCUSDT,1785549000000,2026-08-01 01:50:00,2026-08-01 10:50:00,62936.4,62945.9,62916.8,62942.6,81.031,5099219.6307,2425,34.925,2197665.1558,109372.776,6884195953.38000011,-11.181,15.201,9.6105,20.7915,2.27032161,1.568383,2.21840512,0.758943
BTCUSDT,1785549300000,2026-08-01 01:55:00,2026-08-01 10:55:00,62942.6,62946.8,62930.9,62946.7,68.511,4311798.7372,2041,49.13,3092021.2497,109387.977,6885612171.82590008,29.749,-2.609,12.2655,-17.4835,2.2699398,1.568404,2.21725171,2.534906
BTCUSDT,1785549600000,2026-08-01 02:00:00,2026-08-01 11:00:00,62946.7,62964.7,62946.7,62964.1,49.223,3098890.9168,2449,36.397,2291362.5657,109385.368,6887351249.28880024,23.571,-2.347,9.4385,-14.1325,2.27138382,1.568858,2.219025,2.837501
BTCUSDT,1785549900000,2026-08-01 02:05:00,2026-08-01 11:05:00,62964,62964.1,62955,62955.1,39.789,2505153.0284,1398,12.508,787510.2452,109383.021,6886269144.97453308,-14.773,-46.817,-54.2035,-39.4305,2.27366476,1.569279,2.22081134,0.458483
BTCUSDT,1785550200000,2026-08-01 02:10:00,2026-08-01 11:10:00,62955.1,63004.8,62955,62992.2,198.031,12474015.9608,4569,132.725,8360215.664,109336.204,6886805783.64611244,67.419,-8.033,25.6765,-41.7425,2.2718535,1.571261,2.2210838,2.032237
BTCUSDT,1785550500000,2026-08-01 02:15:00,2026-08-01 11:15:00,62992.1,63020.8,62992.1,63020.8,162.664,10249998.9968,3844,103.664,6532091.0298,109328.171,6889948798.95680046,44.664,-63.327,-40.995,-85.659,2.27386437,1.572173,2.22400686,1.756926
BTCUSDT,1785550800000,2026-08-01 02:20:00,2026-08-01 11:20:00,63020.7,63048.1,63020.7,63025.8,248.283,15651942.1754,3839,168.456,10619362.976,109264.844,6886586531.28431892,88.629,-25.075,19.2395,-69.3895,2.27882706,1.575479,2.2297102,2.10812
BTCUSDT,1785551100000,2026-08-01 02:25:00,2026-08-01 11:25:00,63025.7,63059.9,63023.9,63037.3,148.059,9333947.7398,3460,104.192,6568481.4156,109239.769,6886191014.36060047,60.325,-16.071,14.0915,-46.2335,2.27978315,1.576558,2.23191153,2.37518
BTCUSDT,1785551400000,2026-08-01 02:30:00,2026-08-01 11:30:00,63037.4,63054.4,63037.3,63047.2,102.236,6445465.825,2249,64.387,4059233.1257,109223.698,6887021128.99100876,26.538,-24.827,-11.558,-38.096,2.28212013,1.577263,2.23480539,1.701105
BTCUSDT,1785551700000,2026-08-01 02:35:00,2026-08-01 11:35:00,63047.2,63068.7,63045,63045,171.308,10802039.4935,2975,82.259,5186981.1227,109198.871,6884671032.80088902,-6.79,-0.067,-3.462,3.328,2.28457032,1.577444,2.23834501,0.923121
BTCUSDT,1785552000000,2026-08-01 02:40:00,2026-08-01 11:40:00,63045.1,63045.1,63037.3,63043.4,71.236,4490899.9447,1845,42.378,2671577.8783,109198.804,6884733747.51272106,13.52,-50.064,-43.304,-56.824,2.28360374,1.577504,2.23726625,1.428894
BTCUSDT,1785552300000,2026-08-01 02:45:00,2026-08-01 11:45:00,63043.4,63084.6,63033,63033.1,260.417,16422265.1144,5487,137.339,8660941.3601,109148.74,6880298090.63778782,14.261,-9.231,-2.1005,-16.3615,2.28596387,1.580041,2.24041191,1.126618
BTCUSDT,1785552600000,2026-08-01 02:50:00,2026-08-01 11:50:00,63033.1,63041.4,63029.9,63037.9,88.09,5552680.5865,2329,54.765,3452053.2857,109139.509,6879936368.34200001,21.44,17.041,27.761,6.321,2.28401826,1.580033,2.23827407,1.643344
BTCUSDT,1785552900000,2026-08-01 02:55:00,2026-08-01 11:55:00,63037.9,63047.4,63023.4,63040.8,157.804,9946943.6896,3328,101.041,6369032.8066,109156.55,6881316237.23999977,44.278,-35.759,-13.62,-57.898,2.28277621,1.579273,2.23608153,1.779746
BTCUSDT,1785553200000,2026-08-01 03:00:00,2026-08-01 12:00:00,63040.8,63045.7,63013.2,63013.2,117.271,7391676.7566,3112,34.593,2180599.4068,109120.791,6876306698.46440887,-48.085,-39.99,-64.0325,-15.9475,2.28333199,1.579302,2.23579634,0.418485
BTCUSDT,1785553500000,2026-08-01 03:05:00,2026-08-01 12:05:00,63013.3,63030.8,63008.6,63013.8,125.017,7878468.9204,3315,41.287,2601809.4895,109080.801,6874658035.34984684,-42.443,-76.358,-97.5795,-55.1365,2.28179524,1.579007,2.23606525,0.496315
BTCUSDT,1785553800000,2026-08-01 03:10:00,2026-08-01 12:10:00,63013.9,63013.9,62958.4,62958.4,236.645,14904275.7223,4458,44.02,2772363.3539,109004.443,6862751329.68378353,-148.605,-36.769,-111.0715,37.5335,2.28345865,1.579708,2.23579507,0.228518
BTCUSDT,1785554100000,2026-08-01 03:15:00,2026-08-01 12:15:00,62958.5,62981,62937.5,62981,126.283,7950510.2538,3986,62.442,3931243.5379,108967.674,6862893076.19400024,-1.399,-0.116,-0.8155,0.5835,2.28333557,1.579996,2.23412481,0.978079
BTCUSDT,1785554400000,2026-08-01 03:20:00,2026-08-01 12:20:00,62980.9,63025,62980.9,63025,89.246,5622541.1077,2678,57.748,3638338.1281,108967.558,6867697198.17827415,26.25,13.112,26.237,-0.013,2.28376128,1.579961,2.23511835,1.833652
BTCUSDT,1785554700000,2026-08-01 03:25:00,2026-08-01 12:25:00,63024.9,63025,62984.4,62984.5,85.929,5413958.1864,2018,39.009,2457427.9068,108980.67,6864103907.68200016,-7.911,15.543,11.5875,19.4985,2.28033518,1.579422,2.22749722,0.830897
BTCUSDT,1785555000000,2026-08-01 03:30:00,2026-08-01 12:30:00,62984.6,63000,62944.6,62958.1,171.129,10778026.5347,3376,74.403,4685786.4927,108996.213,6862183578.0539999,-22.323,18.046,6.8845,29.2075,2.28282774,1.579057,2.23074068,0.775483
BTCUSDT,1785555300000,2026-08-01 03:35:00,2026-08-01 12:35:00,62958,62994.8,62949.9,62960,192.79,12140827.0094,4087,60.452,3806418.9068,109014.259,6863537746.64000034,-71.886,2.603,-33.34,38.546,2.28273602,1.57842,2.23097805,0.456711
BTCUSDT,1785555600000,2026-08-01 03:40:00,2026-08-01 12:40:00,62960.1,62970.7,62960,62970.6,95.619,6020738.5419,2116,42.841,2697439.0588,109016.862,6864856295.46400547,-9.937,6.013,1.0445,10.9815,2.28260578,1.578157,2.23228554,0.811675
BTCUSDT,1785555900000,2026-08-01 03:45:00,2026-08-01 12:45:00,62970.6,62982.4,62950,62982.3,114.966,7238639.4485,2845,69.49,4375199.9414,109022.875,6866522322.39999962,24.014,45.366,57.373,33.359,2.28118876,1.576748,2.23043139,1.527953
BTCUSDT,1785556200000,2026-08-01 03:50:00,2026-08-01 12:50:00,62982.4,62988.1,62966.1,62970.5,162.04,10205400.8771,3047,60.625,3818061.4437,109068.241,6868072052.91723442,-40.79,-0.049,-20.444,20.346,2.28254156,1.575675,2.23227293,0.597755
BTCUSDT,1785556500000,2026-08-01 03:55:00,2026-08-01 12:55:00,62970.4,62973.8,62970.4,62973.8,44.933,2829471.9272,1025,24.506,1543168.2304,109068.192,6868438509.3696003,4.079,-25.165,-23.1255,-27.2045,2.28277159,1.575338,2.23198735,1.199339
BTCUSDT,1785556800000,2026-08-01 04:00:00,2026-08-01 13:00:00,62973.8,62985.1,62970.6,62973.1,138.719,8736097.6402,2478,91.469,5760432.4743,109043.027,6866777443.57369995,44.219,22.489,44.5985,0.3795,2.28231977,1.576721,2.22937229,1.936011
BTCUSDT,1785557100000,2026-08-01 04:05:00,2026-08-01 13:05:00,62973.2,62978.5,62964.1,62974,74.574,4696169.5933,1931,29.857,1880169.4136,109065.516,6868288830.57242203,-14.86,1.321,-6.109,8.751,2.28084581,1.576597,2.22872351,0.667651
BTCUSDT,1785557400000,2026-08-01 04:10:00,2026-08-01 13:10:00,62973.9,62989,62973.9,62989,28.477,1793507.196,1234,18.519,1166373.1396,109066.837,6870013185.03272343,8.561,2.078,6.3585,-2.2025,2.28088018,1.576557,2.22933079,1.859847
BTCUSDT,1785557700000,2026-08-01 04:15:00,2026-08-01 13:15:00,62989,63007.5,62988.9,63007.5,44.975,2833120.9493,1543,34.011,2142500.1476,109068.915,6872159661.86250019,23.047,-0.257,11.2665,-11.7805,2.28044429,1.576421,2.22989626,3.102282
BTCUSDT,1785558000000,2026-08-01 04:20:00,2026-08-01 13:20:00,63007.5,63023.2,62999.9,63020.3,94.989,5985685.7751,2653,48.567,3060535.6778,109068.658,6873546247.57675171,2.145,6.02,7.0925,4.9475,2.28184551,1.576191,2.23188858,1.046283
BTCUSDT,1785558300000,2026-08-01 04:25:00,2026-08-01 13:25:00,63020.3,63020.4,63013,63015.5,46.218,2912576.4219,1644,25.856,1629398.7495,109074.678,6873395371.50899982,5.494,5.662,8.409,2.915,2.28304116,1.576168,2.23269152,1.269815
BTCUSDT,1785558600000,2026-08-01 04:30:00,2026-08-01 13:30:00,63015.5,63030.4,63013.9,63014,57.656,3633602.8426,1975,25.389,1600034.7421,109080.34,6873588544.76000023,-6.878,-5.092,-8.531,-1.653,2.28431399,1.576077,2.2346662,0.786811
BTCUSDT,1785558900000,2026-08-01 04:35:00,2026-08-01 13:35:00,63013.9,63018,63013.9,63018,26.646,1679076.8555,971,16.493,1039296.388,109075.248,6873518550.54240036,6.34,0.601,3.771,-2.569,2.28365462,1.575958,2.23414758,1.624458
BTCUSDT,1785559200000,2026-08-01 04:40:00,2026-08-01 13:40:00,63018,63040.1,63018,63040.1,45.666,2878475.2218,1744,36.871,2324127.3354,109075.849,6876152428.54489994,28.076,-21.63,-7.592,-35.668,2.28488544,1.5762,2.23595549,4.191633
BTCUSDT,1785559500000,2026-08-01 04:45:00,2026-08-01 13:45:00,63040,63070,63035.7,63065,133.735,8432333.6202,2590,96.788,6102641.746,109054.219,6877608473.54537487,59.841,13.476,43.3965,-16.4445,2.28456704,1.576635,2.23433934,2.619506
BTCUSDT,1785559800000,2026-08-01 04:50:00,2026-08-01 13:50:00,63064.9,63077.1,63059.2,63077,78.427,4946042.4503,2303,48.01,3027790.4018,109067.695,6879766588.11502361,17.593,13.977,22.7735,5.1805,2.2861942,1.576603,2.23739602,1.578411
BTCUSDT,1785560100000,2026-08-01 04:55:00,2026-08-01 13:55:00,63077,63079.2,63063.8,63073.9,99.504,6275610.557,2330,50.737,3199843.2723,109081.672,6880688275.82028198,1.97,4.542,5.527,3.557,2.2863094,1.576713,2.23831192,1.04034
BTCUSDT,1785560400000,2026-08-01 05:00:00,2026-08-01 14:00:00,63074,63082,63030,63079.9,238.189,15019872.9721,4503,136.337,8597258.1008,109086.214,6881465486.85038948,34.485,-38.932,-21.6895,-56.1745,2.28362738,1.576776,2.23573714,1.336971
BTCUSDT,1785560700000,2026-08-01 05:05:00,2026-08-01 14:05:00,63079.8,63091.6,63075,63091.5,142.483,8988255.5097,2811,100.466,6337876.0737,109047.282,6880116291.25689602,58.449,5.331,34.5555,-23.8935,2.28539561,1.5754,2.23982493,2.391309
BTCUSDT,1785561000000,2026-08-01 05:10:00,2026-08-01 14:10:00,63091.6,63118.7,63091.6,63094.1,172.647,10894838.1362,4054,103.971,6560988.9316,109052.613,6880587375.14459991,35.295,-5.972,11.6755,-23.6195,2.28903243,1.575413,2.24432875,1.513894
BTCUSDT,1785561300000,2026-08-01 05:15:00,2026-08-01 14:15:00,63094.2,63094.2,63054.2,63062.4,91.647,5779795.8928,2405,35.903,2264053.4724,109046.641,6876753798.0625,-19.841,30.881,20.9605,40.8015,2.28742805,1.575459,2.24210423,0.643976
BTCUSDT,1785561600000,2026-08-01 05:20:00,2026-08-01 14:20:00,63062.5,63064.9,63040.7,63064.9,203.713,12844246.9753,2940,117.785,7426463.857,109077.522,6878668507.86839962,31.857,8.577,24.5055,-7.3515,2.28458955,1.572881,2.23857333,1.366585
BTCUSDT,1785561900000,2026-08-01 05:25:00,2026-08-01 14:25:00,63064.9,63070,63055.5,63066.6,62.196,3922328.0132,2008,39.358,2482085.5061,109086.099,6879754320.10769558,16.52,1.648,9.908,-6.612,2.283178,1.572697,2.23729575,1.72338
BTCUSDT,1785562200000,2026-08-01 05:30:00,2026-08-01 14:30:00,63066.5,63073.3,63058.4,63058.4,108.026,6812905.6345,2495,28.627,1805370.7614,109087.747,6879368229.52481365,-50.772,26.308,0.922,51.694,2.2830513,1.573082,2.23799762,0.371792
BTCUSDT,1785562500000,2026-08-01 05:35:00,2026-08-01 14:35:00,63058.5,63062.6,62989.3,62989.4,277.449,17488607.2652,4749,50.518,3184901.8342,109114.055,6873017944.61149979,-176.413,-18.714,-106.9205,69.4925,2.28606377,1.568962,2.24317613,0.222663
BTCUSDT,1785562800000,2026-08-01 05:40:00,2026-08-01 14:40:00,62989.4,62998,62979.9,62983.4,110.89,6984671.3036,2664,38.048,2396571.3541,109095.341,6871195500.33940029,-34.794,15.375,-2.022,32.772,2.28237284,1.568609,2.23935163,0.522345
BTCUSDT,1785563100000,2026-08-01 05:45:00,2026-08-01 14:45:00,62983.4,62983.4,62969.9,62969.9,97.367,6131763.6172,2111,24.145,1520499.0738,109110.716,6870701786.52000046,-49.077,36.887,12.3485,61.4255,2.28020931,1.567927,2.23618345,0.329668
BTCUSDT,1785563400000,2026-08-01 05:50:00,2026-08-01 14:50:00,62969.9,63000,62969.6,63000,124.987,7871965.9913,1979,107.569,6774829.4876,109147.603,6876428547.99608135,90.151,66.521,111.5965,21.4455,2.279338,1.566903,2.23496724,6.175011
BTCUSDT,1785563700000,2026-08-01 05:55:00,2026-08-01 14:55:00,63000,63011,62997.4,62999.8,227.624,14341041.2105,3191,156.212,9841625.9247,109214.124,6880467969.17520046,84.8,37.124,79.524,-5.276,2.23620484,1.563816,2.20267948,2.187312
BTCUSDT,1785564000000,2026-08-01 06:00:00,2026-08-01 15:00:00,62999.8,63014.9,62969,62969,161.058,10147132.945,3871,40.133,2528650.5054,109251.248,6880982710.16354752,-80.792,4.91,-35.486,45.306,2.23748015,1.564534,2.20409227,0.333205
BTCUSDT,1785564300000,2026-08-01 06:05:00,2026-08-01 15:05:00,62969.1,62986.7,62965.2,62965.2,91.081,5736025.4386,3333,20.885,1315251.6239,109256.158,6879991376.64960003,-49.311,12.075,-12.5805,36.7305,2.23589323,1.564604,2.20260051,0.298498
BTCUSDT,1785564600000,2026-08-01 06:10:00,2026-08-01 15:10:00,62965.3,63002,62965.2,63001.9,78.453,4941321.2016,2582,50.577,3185381.7124,109268.233,6884132001.89897728,22.701,-16.904,-5.5535,-28.2545,2.23474029,1.564486,2.20114533,1.807252
BTCUSDT,1785564900000,2026-08-01 06:15:00,2026-08-01 15:15:00,63001.9,63002.1,62979,63000,101.011,6363343.3952,2455,27.882,1756482.9819,109251.329,6882822801.86709976,-45.247,-14.27,-36.8935,8.3535,2.23473409,1.563731,2.20047415,0.369932
BTCUSDT,1785565200000,2026-08-01 06:20:00,2026-08-01 15:20:00,62999.9,63043.3,62999.9,63037.2,86.37,5444347.712,2396,67.142,4232284.6021,109237.059,6885992665.55786324,47.914,-28.806,-4.849,-52.763,2.23574225,1.564891,2.20175439,3.491802
BTCUSDT,1785565500000,2026-08-01 06:25:00,2026-08-01 15:25:00,63037.2,63053.1,63032.4,63035.3,139.561,8798659.607,2504,87.908,5542243.2535,109208.253,6883985911.15620041,36.255,10.699,28.8265,-7.4285,2.23647523,1.567035,2.20082844,1.701946
BTCUSDT,1785565800000,2026-08-01 06:30:00,2026-08-01 15:30:00,63035.4,63044.6,63029.3,63043.4,135.334,8531233.818,2968,40.57,2557423.0243,109218.952,6885615343.74851036,-54.194,-6.364,-33.461,20.733,2.23495346,1.566374,2.20041223,0.428106
BTCUSDT,1785566100000,2026-08-01 06:35:00,2026-08-01 15:35:00,63043.3,63043.3,63037.9,63040.1,36.093,2275249.4477,869,21.174,1334779.3378,109212.588,6884861285.52064133,6.255,-0.672,2.4555,-3.7995,2.2349799,1.566552,2.20075896,1.419268
BTCUSDT,1785566400000,2026-08-01 06:40:00,2026-08-01 15:40:00,63040.1,63046,63033.8,63033.8,106.892,6738555.4558,1458,19.704,1242201.8165,109211.916,6884279666.44213676,-67.484,-8.374,-42.116,25.368,2.23587601,1.567959,2.20197291,0.230225
BTCUSDT,1785566700000,2026-08-01 06:45:00,2026-08-01 15:45:00,63033.9,63045,63030.3,63044.9,47.015,2963692.1073,1868,25.652,1617028.729,109203.542,6884737305.39000034,4.289,-1.251,0.8935,-3.3955,2.23600677,1.568092,2.20183416,1.200767
BTCUSDT,1785567000000,2026-08-01 06:50:00,2026-08-01 15:50:00,63044.9,63051,63044.9,63050.9,53.078,3346529.7092,1715,35.308,2226118.5846,109202.291,6885313649.8409996,17.538,1.214,9.983,-7.555,2.23665132,1.568242,2.20334605,1.986877
BTCUSDT,1785567300000,2026-08-01 06:55:00,2026-08-01 15:55:00,63050.9,63051,63046.6,63049.9,36.229,2284223.7612,1324,12.85,810170.7763,109203.505,6885299486.79131794,-10.529,16.408,11.1435,21.6725,2.23747651,1.567939,2.20442191,0.552509
BTCUSDT,1785567600000,2026-08-01 07:00:00,2026-08-01 16:00:00,63049.9,63057.2,63049.9,63057.1,103.131,6502827.1188,1972,82.836,5223143.3138,109219.913,6887095173.87562752,62.541,-7.329,23.9415,-38.5995,2.23751555,1.56895,2.20412844,4.081589
BTCUSDT,1785567900000,2026-08-01 07:05:00,2026-08-01 16:05:00,63057.1,63059,63057.1,63059,30.66,1933338.3069,1027,18.33,1155842.3829,109212.584,6886836334.45600033,6,-14.372,-11.372,-17.372,2.23775872,1.56901,2.20451041,1.48646
BTCUSDT,1785568200000,2026-08-01 07:10:00,2026-08-01 16:10:00,63058.9,63086.3,63058.9,63081.8,111.496,7032757.3612,2654,84.062,5302195.2131,109198.212,6888419769.74160004,56.628,-41.226,-12.912,-69.54,2.23854911,1.57018,2.20631002,3.063857
BTCUSDT,1785568500000,2026-08-01 07:15:00,2026-08-01 16:15:00,63081.7,63081.8,63039.9,63039.9,120.318,7587698.4729,2749,21.137,1333110.6797,109156.986,6881245481.74139977,-78.044,-11.02,-50.042,28.002,2.23920239,1.569063,2.20693512,0.213141
BTCUSDT,1785568800000,2026-08-01 07:20:00,2026-08-01 16:20:00,63039.9,63054.4,63039.9,63054.2,59.809,3770800.2451,1484,32.245,2032887.188,109145.966,6882115951.80458164,4.681,4.491,6.8315,2.1505,2.23842427,1.568937,2.20618855,1.17194
BTCUSDT,1785569100000,2026-08-01 07:25:00,2026-08-01 16:25:00,63054.2,63054.3,63036.7,63040,61.511,3878021.2444,1574,25.826,1628178.0676,109150.457,6880837854.49776268,-9.859,-9.603,-14.5325,-4.6735,2.23790995,1.568639,2.20517614,0.723685
BTCUSDT,1785569400000,2026-08-01 07:30:00,2026-08-01 16:30:00,63039.9,63040,63001.4,63013.5,184.32,11615072.3598,3757,49.653,3128507.3515,109140.854,6877347203.52900028,-85.014,-1.771,-44.278,40.736,2.24626254,1.5686,2.21558016,0.368741
BTCUSDT,1785569700000,2026-08-01 07:35:00,2026-08-01 16:35:00,63013.4,63013.7,63005.8,63013.6,112.593,7094296.4324,1999,52.46,3305410.6673,109139.083,6877257434.43710041,-7.673,-1.804,-5.6405,2.0325,2.2449352,1.568714,2.21397363,0.872554
BTCUSDT,1785570000000,2026-08-01 07:40:00,2026-08-01 16:40:00,63013.6,63022.3,63004.7,63014.4,131.757,8302286.8782,3568,48.499,3055961.7279,109137.279,6877222409.32172966,-34.759,-25.92,-43.2995,-8.5405,2.18268563,1.568339,2.16745483,0.58246
BTCUSDT,1785570300000,2026-08-01 07:45:00,2026-08-01 16:45:00,63014.4,63022.6,63014.3,63019.7,99,6238772.6505,1946,55.07,3470408.6774,109111.359,6876011268.5002718,11.14,-24.787,-19.217,-30.357,2.18263419,1.569379,2.16710306,1.252844
BTCUSDT,1785570600000,2026-08-01 07:50:00,2026-08-01 16:50:00,63019.7,63024.2,63019.6,63021.2,78.005,4915980.6717,1615,37.239,2346845.9054,109086.572,6874777579.98359966,-3.527,-9.747,-11.5105,-7.9835,2.18248213,1.569877,2.16622731,0.912496
BTCUSDT,1785570900000,2026-08-01 07:55:00,2026-08-01 16:55:00,63021.2,63025.7,63012.2,63019.6,118.32,7456632.4641,1970,37.133,2340117.5978,109076.825,6873977880.77000046,-44.054,-18.828,-40.855,3.199,2.18246336,1.57085,2.1661301,0.457394
BTCUSDT,1785571200000,2026-08-01 08:00:00,2026-08-01 17:00:00,63019.6,63052.3,63019.5,63052.2,123.042,7756206.8831,2187,83.553,5266817.9958,109057.997,6876360804.12840557,44.064,-21.567,0.465,-43.599,2.18181584,1.570612,2.16692397,2.115922
BTCUSDT,1785571500000,2026-08-01 08:05:00,2026-08-01 17:05:00,63052.2,63055,63052.2,63054.9,61.238,3861213.5903,1390,35.134,2215294.7022,109036.43,6875317973.21005154,9.03,7.685,12.2,3.17,2.18192334,1.570458,2.16744493,1.345932
BTCUSDT,1785571800000,2026-08-01 08:10:00,2026-08-01 17:10:00,63054.9,63072.2,63054.9,63072.2,53.307,3361666.3401,1853,42.473,2678424.9271,109044.115,6877645957.69576836,31.639,-2.369,13.4505,-18.1885,2.17937784,1.570517,2.16652236,3.920174
BTCUSDT,1785572100000,2026-08-01 08:15:00,2026-08-01 17:15:00,63072.2,63072.2,63072.1,63072.1,43.882,2767731.3581,974,14.659,924575.3798,109041.746,6877491907.88659954,-14.564,-4.049,-11.331,3.233,2.17956227,1.570172,2.16660079,0.501626
BTCUSDT,1785572400000,2026-08-01 08:20:00,2026-08-01 17:20:00,63072.1,63073.5,63072.1,63073.5,36.601,2308536.814,846,17.435,1099674.5724,109037.697,6877389181.72949982,-1.731,-28.223,-29.0885,-27.3575,2.17933373,1.570201,2.16646905,0.909677
BTCUSDT,1785572700000,2026-08-01 08:25:00,2026-08-01 17:25:00,63073.5,63073.5,63061.9,63062,67.724,4271379.7645,1403,14.717,928199.305,109009.474,6874355449.38799953,-38.29,7.984,-11.161,27.129,2.18003854,1.570608,2.16703057,0.27764
BTCUSDT,1785573000000,2026-08-01 08:30:00,2026-08-01 17:30:00,63062,63076.7,63061.9,63076.6,53.426,3369635.5746,1441,41.445,2613975.6329,109017.458,6876476571.96036243,29.464,-5.782,8.95,-20.514,2.17989364,1.570777,2.16684232,3.459196
BTCUSDT,1785573300000,2026-08-01 08:35:00,2026-08-01 17:35:00,63076.6,63080.1,63070.8,63070.8,65.085,4105285.7958,1341,30.612,1930889.5468,109011.676,6875453614.66079998,-3.861,-2.756,-4.6865,-0.8255,2.17927049,1.570754,2.16614927,0.888012
BTCUSDT,1785573600000,2026-08-01 08:40:00,2026-08-01 17:40:00,63070.9,63070.9,63069.9,63070,37.448,2361850.8876,1123,11.565,729404.6292,109008.92,6875181683.50800037,-14.318,7.821,0.662,14.98,2.17844028,1.57048,2.1651716,0.446817
BTCUSDT,1785573900000,2026-08-01 08:45:00,2026-08-01 17:45:00,63070,63082.3,63059.1,63082.2,89.031,5615324.2393,2224,63.933,4032416.9539,109016.741,6877064077.68896675,38.835,33.037,52.4545,13.6195,2.17775268,1.570943,2.16432613,2.548919
BTCUSDT,1785574200000,2026-08-01 08:50:00,2026-08-01 17:50:00,63082.2,63112.8,63082.2,63112.7,130.006,8203242.72,2996,105.667,6667452.7214,109049.778,6882436828.95839977,81.328,-0.202,40.462,-40.866,2.17586083,1.570987,2.16451104,4.341383
BTCUSDT,1785574500000,2026-08-01 08:55:00,2026-08-01 17:55:00,63112.8,63126.6,63097.3,63097.4,173.547,10953911.9449,3590,61.091,3856108.122,109049.576,6881015108.28743935,-51.365,-25.137,-50.8195,0.5455,2.17073608,1.570355,2.15985674,0.543282
BTCUSDT,1785574800000,2026-08-01 09:00:00,2026-08-01 18:00:00,63097.4,63111.4,63084.9,63100,146.41,9238140.6246,3333,54.223,3421325.4752,109024.439,6878942555.66088486,-37.964,4.348,-14.634,23.33,2.17037719,1.569482,2.1594279,0.588178
BTCUSDT,1785575100000,2026-08-01 09:05:00,2026-08-01 18:05:00,63100,63100,63082,63087,59.674,3764661.0603,1858,20.602,1299702.7004,109028.787,6878288182.59029961,-18.47,15.447,6.212,24.682,2.16957912,1.56928,2.1580042,0.525864
BTCUSDT,1785575400000,2026-08-01 09:10:00,2026-08-01 18:10:00,63086.9,63104.1,63083.7,63084.5,88.285,5570205.6489,2420,38.157,2407496.462,109044.234,6879000979.77299976,-11.971,-37.729,-43.7145,-31.7435,2.16872986,1.568533,2.15818267,0.761154
BTCUSDT,1785575700000,2026-08-01 09:15:00,2026-08-01 18:15:00,63084.6,63096.1,63070.4,63077.1,113.162,7138452.5333,2571,63.085,3979582.7235,109006.505,6875825931.57468891,13.008,8.624,15.128,2.12,2.16738263,1.568614,2.15558426,1.176944
BTCUSDT,1785576000000,2026-08-01 09:20:00,2026-08-01 18:20:00,63077,63098,63077,63078.8,91.973,5802369.973,2384,49.553,3126093.6525,109015.129,6876834941.88344479,7.133,13.562,17.1285,9.9955,2.1673102,1.568908,2.15595283,1.168076
BTCUSDT,1785576300000,2026-08-01 09:25:00,2026-08-01 18:25:00,63078.8,63082,63069.1,63079.3,87.088,5493141.3715,1586,39.269,2476899.0222,109028.691,6877453508.19629955,-8.55,3.411,-0.864,7.686,2.16670927,1.568389,2.15474431,0.821187
BTCUSDT,1785576600000,2026-08-01 09:30:00,2026-08-01 18:30:00,63079.2,63086.4,63079.2,63080.5,37.705,2378565.1364,1006,14.875,938349.4411,109032.102,6877947128.61580086,-7.955,-4.324,-8.3015,-0.3465,2.16519739,1.568481,2.15341026,0.651534
BTCUSDT,1785576900000,2026-08-01 09:35:00,2026-08-01 18:35:00,63080.5,63080.5,63080.4,63080.5,54.906,3463495.1092,794,26.668,1682230.774,109027.778,6877526750.12899971,-1.57,-4.383,-5.168,-3.598,2.16403995,1.568464,2.15241247,0.944403
BTCUSDT,1785577200000,2026-08-01 09:40:00,2026-08-01 18:40:00,63080.4,63080.5,63073.4,63073.5,48.022,3029105.3177,1060,12.731,803024.3074,109023.395,6876752663.40187359,-22.56,4.876,-6.404,16.156,2.16360571,1.568741,2.15188903,0.360735
BTCUSDT,1785577500000,2026-08-01 09:45:00,2026-08-01 18:45:00,63073.4,63073.5,63037,63044,155.754,9820945.3687,2654,55.002,3468104.9777,109028.271,6873578316.92399979,-45.75,-27.155,-50.03,-4.28,2.1628192,1.567865,2.14899141,0.545968
BTCUSDT,1785577800000,2026-08-01 09:50:00,2026-08-01 18:50:00,63044,63049.6,63023,63023,119.574,7537710.925,2446,29.071,1832648.4726,109001.116,6869719565.41685963,-61.432,8.661,-22.055,39.377,2.16088199,1.567332,2.14577036,0.321665
BTCUSDT,1785578100000,2026-08-01 09:55:00,2026-08-01 18:55:00,63023,63042.9,63014.1,63021.4,153.916,9701037.6299,2996,92.595,5836145.2885,109009.777,6869937859.25010014,31.274,-79.326,-63.689,-94.963,2.15673981,1.567421,2.14127377,1.510041
BTCUSDT,1785578400000,2026-08-01 10:00:00,2026-08-01 19:00:00,63021.4,63085,62959.3,62959.3,580.198,36563381.2216,8724,246.564,15542210.0546,108930.451,6858184943.64430046,-87.07,12.022,-31.513,55.557,2.15708343,1.570091,2.1388345,0.739402
BTCUSDT,1785578700000,2026-08-01 10:05:00,2026-08-01 19:05:00,62959.4,62977.7,62959.3,62977.4,146.749,9240778.8812,3091,50.237,3163328.8113,108942.473,6860966034.12642956,-46.275,5.469,-17.6685,28.6065,2.15196678,1.569695,2.13384332,0.520508
BTCUSDT,1785579000000,2026-08-01 10:10:00,2026-08-01 19:10:00,62977.5,62992.2,62956.5,62980.8,188.627,11878838.2966,3211,81.096,5107058.0834,108947.942,6861628545.51360035,-26.435,55.96,42.7425,69.1775,2.15015275,1.569925,2.13107256,0.754121
BTCUSDT,1785579300000,2026-08-01 10:15:00,2026-08-01 19:15:00,62980.7,63038.3,62965.6,63035.3,289.695,18251278.818,4197,226.528,14272020.0949,109003.902,6871093663.74059963,163.361,-3.677,78.0035,-85.3575,2.14647543,1.568282,2.12553815,3.586603
BTCUSDT,1785579600000,2026-08-01 10:20:00,2026-08-01 19:20:00,63035.4,63038.3,63012.4,63013,60.281,3799663.963,1575,18.869,1189372.196,109000.225,6868420277.90250015,-22.543,1.975,-9.2965,13.2465,2.14611141,1.568033,2.1248122,0.455623
BTCUSDT,1785579900000,2026-08-01 10:25:00,2026-08-01 19:25:00,63013,63013,63003.3,63013,70.092,4416443.867,1232,12.831,808469.2494,109002.2,6868730618.99438477,-44.43,2.437,-19.778,24.652,2.14462148,1.567019,2.12401276,0.223799
BTCUSDT,1785580200000,2026-08-01 10:30:00,2026-08-01 19:30:00,63013,63028.8,63012.9,63013.3,91.095,5741019.9126,1835,58.189,3667213.31,109004.637,6868745236.27052498,25.283,-6.452,6.1895,-19.0935,2.14424005,1.567857,2.12340394,1.768166
BTCUSDT,1785580500000,2026-08-01 10:35:00,2026-08-01 19:35:00,63013.3,63013.3,62989.3,63000.4,103.947,6548509.9468,1997,39.378,2480720.6354,108998.185,6867149298.70463657,-25.191,6.205,-6.3905,18.8005,2.14071104,1.567012,2.11993781,0.609845
BTCUSDT,1785580800000,2026-08-01 10:40:00,2026-08-01 19:40:00,63000.3,63047.9,63000.3,63037.8,126.516,7973899.8385,2851,86.959,5480478.3526,109004.39,6871444778.60099602,47.402,-1.938,21.763,-25.639,2.13998732,1.566085,2.12007772,2.260673
BTCUSDT,1785581100000,2026-08-01 10:45:00,2026-08-01 19:45:00,63037.9,63040.3,63008.2,63030.6,63.851,4024430.7797,1875,30.736,1937177.4904,109002.452,6870526840.27213001,-2.379,-2.777,-3.9665,-1.5875,2.13882198,1.566498,2.11875035,0.928099
BTCUSDT,1785581400000,2026-08-01 10:50:00,2026-08-01 19:50:00,63030.6,63030.7,63023.3,63029.1,35.684,2248975.8915,1046,16.308,1027789.2783,108999.675,6870162315.51000023,-3.068,4.464,2.93,5.998,2.13810236,1.566454,2.11806801,0.841675
BTCUSDT,1785581700000,2026-08-01 10:55:00,2026-08-01 19:55:00,63029.1,63029.2,63023,63029.1,53.669,3382492.3512,1016,32.677,2059446.6785,109004.139,6870029462.13059998,11.685,-13.447,-7.6045,-19.2895,2.13699602,1.566081,2.11586357,1.556595
BTCUSDT,1785582000000,2026-08-01 11:00:00,2026-08-01 20:00:00,63029.1,63029.2,63013.5,63013.6,58.424,3681995.003,1217,8.228,518552.724,108990.692,6867884970.34200001,-41.968,6.365,-14.619,27.349,2.13673914,1.566663,2.11470838,0.16392
BTCUSDT,1785582300000,2026-08-01 11:05:00,2026-08-01 20:05:00,63013.6,63020.1,63013.5,63020.1,51.844,3266948.0084,1453,27.517,1734008.0154,108997.057,6868994532.14000034,3.19,4.598,6.193,3.003,2.13474297,1.5667,2.11268801,1.130554
BTCUSDT,1785582600000,2026-08-01 11:10:00,2026-08-01 20:10:00,63020.1,63032.9,63017.4,63032.9,61.344,3865975.6422,1647,23.105,1456091.7191,109001.655,6870690419.44950008,-15.134,-17.861,-25.428,-10.294,2.1327344,1.566432,2.1100909,0.604248
BTCUSDT,1785582900000,2026-08-01 11:15:00,2026-08-01 20:15:00,63033,63033,63010.1,63022,96.483,6080265.0417,1864,18.842,1187341.0571,108983.794,6868775828.09075546,-58.799,-15.37,-44.7695,14.0295,2.13119814,1.565176,2.10766141,0.227119
BTCUSDT,1785583200000,2026-08-01 11:20:00,2026-08-01 20:20:00,63022,63053.4,63021.9,63049.7,108.58,6845515.2954,2158,74.857,4719360.8785,108968.424,6870578060.38992786,41.134,3.046,23.613,-17.521,2.13117409,1.56477,2.10749498,2.21967
BTCUSDT,1785583500000,2026-08-01 11:25:00,2026-08-01 20:25:00,63049.8,63049.8,63049.7,63049.7,32.786,2067148.9712,744,15.07,950160.486,108971.47,6870652497.47471619,-2.646,-13.165,-14.488,-11.842,2.13105752,1.564376,2.10852413,0.852473
BTCUSDT,1785583800000,2026-08-01 11:30:00,2026-08-01 20:30:00,63049.7,63064,63044.4,63044.5,151.04,9523656.2338,2432,85.092,5365392.7957,108958.305,6869347025.03094006,19.144,-1.395,8.177,-10.967,2.13069001,1.563323,2.10790691,1.30282
BTCUSDT,1785584100000,2026-08-01 11:35:00,2026-08-01 20:35:00,63044.5,63050,63044,63049.9,52.111,3285350.3686,1275,24.415,1539253.1944,108956.91,6869733175.5,-3.281,6.447,4.8065,8.0875,2.12965399,1.562602,2.1055257,0.893109
BTCUSDT,1785584400000,2026-08-01 11:40:00,2026-08-01 20:40:00,63049.9,63050,63038.4,63041.6,51.006,3215497.7643,1245,16.886,1064493.3049,108963.357,6869235262.98690033,-17.234,-0.584,-9.201,8.033,2.12876144,1.562287,2.10409845,0.494882
BTCUSDT,1785584700000,2026-08-01 11:45:00,2026-08-01 20:45:00,63041.7,63049.8,63041.6,63049.7,34.505,2175269.9876,1069,21.687,1367202.015,108962.773,6870070148.81809998,8.869,7.392,11.8265,2.9575,2.12774618,1.561965,2.10265321,1.691939
BTCUSDT,1785585000000,2026-08-01 11:50:00,2026-08-01 20:50:00,63049.7,63049.8,63044.9,63044.9,33.024,2082066.0205,822,7.925,499645.9956,108970.165,6870024052.42500019,-17.174,-1.406,-9.993,7.181,2.12766065,1.561685,2.10271542,0.31527
BTCUSDT,1785585300000,2026-08-01 11:55:00,2026-08-01 20:55:00,63044.9,63045.2,63044.9,63045.1,37.367,2355804.1356,1072,28.104,1771818.9723,108968.759,6870130578.1503067,18.841,-34.056,-24.6355,-43.4765,2.12741703,1.562041,2.10204532,3.034341
BTCUSDT,1785585600000,2026-08-01 12:00:00,2026-08-01 21:00:00,63045.2,63075,63045.1,63074,150.659,9501648.3359,2553,119.921,7562957.7724,108934.703,6870947457.02200031,89.183,18.261,62.8525,-26.3305,2.12927459,1.563467,2.10329614,3.896673
BTCUSDT,1785585900000,2026-08-01 12:05:00,2026-08-01 21:05:00,63074,63094.1,63074,63077.3,175.523,11073089.5009,3806,110.005,6939701.4563,108952.964,6872728596.8158989,44.487,-3.014,19.2295,-25.2575,2.12935047,1.564174,2.10469885,1.678959
BTCUSDT,1785586200000,2026-08-01 12:10:00,2026-08-01 21:10:00,63077.3,63091.8,63070.7,63070.7,85.431,5389207.7987,2833,33.05,2084892.5318,108949.95,6872331152.08846569,-19.331,-4.408,-14.0735,5.2575,2.13028516,1.564632,2.10533964,0.630973
BTCUSDT,1785586500000,2026-08-01 12:15:00,2026-08-01 21:15:00,63070.8,63077.1,63070.7,63077.1,41.854,2639983.5106,1276,25.077,1581741.5411,108945.542,6871964281.83810616,8.3,-3.243,0.907,-7.393,2.13068786,1.564491,2.10598061,1.549359
BTCUSDT,1785586800000,2026-08-01 12:20:00,2026-08-01 21:20:00,63077,63077.1,63067.2,63073.7,44.64,2815513.3155,1573,17.436,1099695.032,108942.299,6871395126.22054195,-9.768,-0.113,-4.997,4.771,2.13045898,1.564514,2.10541216,0.640916
BTCUSDT,1785587100000,2026-08-01 12:25:00,2026-08-01 21:25:00,63073.8,63073.8,63069.4,63069.4,32.405,2043887.1855,1028,11.36,716518.3577,108942.186,6871132267.3718729,-9.685,-7.915,-12.7575,-3.0725,2.13008829,1.564621,2.10494882,0.539804
BTCUSDT,1785587400000,2026-08-01 12:30:00,2026-08-01 21:30:00,63069.4,63070.7,63061.6,63061.6,70.049,4417973.975,1440,31.539,1989151.6774,108934.271,6870549832.5326004,-6.971,1.438,-2.0475,4.9235,2.12982545,1.56532,2.10373322,0.818978
BTCUSDT,1785587700000,2026-08-01 12:35:00,2026-08-01 21:35:00,63061.6,63062,63053.6,63061.2,55.481,3498542.365,1597,31.744,2001688.3921,108935.709,6869631285.28588772,8.007,8.523,12.5265,4.5195,2.12778705,1.565317,2.09955622,1.337264
BTCUSDT,1785588000000,2026-08-01 12:40:00,2026-08-01 21:40:00,63061.1,63077.4,63061.1,63066.5,52.65,3320597.2852,1794,27.218,1716569.0537,108944.232,6870725548.122859,1.786,-2.074,-1.181,-2.967,2.12652597,1.565123,2.09827321,1.070624
BTCUSDT,1785588300000,2026-08-01 12:45:00,2026-08-01 21:45:00,63066.5,63076.5,63066.4,63076.4,47.623,3003539.3325,1713,38.209,2409805.1986,108942.158,6871691124.82395649,28.795,-10.113,4.2845,-24.5105,2.12581175,1.56494,2.09829365,4.058728
BTCUSDT,1785588600000,2026-08-01 12:50:00,2026-08-01 21:50:00,63076.5,63079,63076.4,63078.9,59.462,3750793.6468,1241,34.6,2182526.2793,108932.045,6871324466.55500031,9.738,-4.422,0.447,-9.291,2.12735777,1.564859,2.10057598,1.39168
BTCUSDT,1785588900000,2026-08-01 12:55:00,2026-08-01 21:55:00,63079,63079.3,63068.8,63068.9,39.255,2476012.3268,1334,15.709,990845.1241,108927.623,6870030033.48188114,-7.837,-5.447,-9.3655,-1.5285,2.12749709,1.564864,2.10157985,0.667161
BTCUSDT,1785589200000,2026-08-01 13:00:00,2026-08-01 22:00:00,63068.9,63073.8,63068.8,63073.8,45.445,2866218.9056,1170,38.486,2427321.7716,108922.176,6870135544.58880043,31.527,0.557,16.3205,-15.2065,2.12665875,1.564636,2.10079055,5.487316
BTCUSDT,1785589500000,2026-08-01 13:05:00,2026-08-01 22:05:00,63073.7,63073.8,63064.5,63071.6,55.166,3479277.7255,1688,14.64,923317.8866,108922.733,6869946831.49731636,-25.886,6.617,-6.326,19.56,2.12629211,1.564664,2.10045662,0.361241
BTCUSDT,1785589800000,2026-08-01 13:10:00,2026-08-01 22:10:00,63071.7,63075.9,63071.6,63071.8,46.625,2940834.7215,1230,19.627,1237951.1758,108929.35,6870364912.95533752,-7.371,-4.336,-8.0215,-0.6505,2.12652917,1.565008,2.10056839,0.726973
BTCUSDT,1785590100000,2026-08-01 13:15:00,2026-08-01 22:15:00,63071.7,63071.8,63055.9,63063.2,29.554,1863724.0683,1409,11.267,710488.6507,108925.014,6869166444.44569492,-7.02,4.641,1.131,8.151,2.12573912,1.565104,2.09924685,0.616251
BTCUSDT,1785590400000,2026-08-01 13:20:00,2026-08-01 22:20:00,63063.3,63063.3,63060.1,63060.2,29.07,1833237.2628,1140,5.036,317586.7757,108929.655,6869441726.23050022,-18.998,-9.984,-19.483,-0.485,2.12506315,1.564888,2.09832222,0.209538
BTCUSDT,1785590700000,2026-08-01 13:25:00,2026-08-01 22:25:00,63060.1,63060.1,63055.7,63055.8,57.234,3609054.7734,1176,16.057,1012539.1061,108919.671,6868054468.48027897,-25.12,-7.045,-19.605,5.515,2.12344401,1.564457,2.09561286,0.389961
BTCUSDT,1785591000000,2026-08-01 13:30:00,2026-08-01 22:30:00,63055.8,63069.7,63055.7,63067.9,75.207,4742518.355,1842,50.068,3157259.0036,108912.626,6868901496.56799984,24.929,-4.031,8.4335,-16.4955,2.12195861,1.565032,2.09423193,1.991636
BTCUSDT,1785591300000,2026-08-01 13:35:00,2026-08-01 22:35:00,63067.9,63068,63052.8,63052.8,80.895,5101535.6498,1545,26.793,1689691.7545,108908.595,6866991858.81599998,-27.309,-4.514,-18.1685,9.1405,2.12291688,1.564767,2.09498628,0.495243
BTCUSDT,1785591600000,2026-08-01 13:40:00,2026-08-01 22:40:00,63052.9,63052.9,63046.3,63048.3,61.368,3869223.9296,1776,21.749,1371234.2606,108904.081,6866228060.52040005,-17.87,-47.509,-56.444,-38.574,2.12088023,1.564563,2.09259767,0.548935
BTCUSDT,1785591900000,2026-08-01 13:45:00,2026-08-01 22:45:00,63048.4,63048.4,63010.1,63022.1,143.034,9015598.1901,2548,10.722,675896.9041,108856.572,6861142647.90240002,-121.59,-28.084,-88.879,32.711,2.12033813,1.564063,2.09278727,0.080907
BTCUSDT,1785592200000,2026-08-01 13:50:00,2026-08-01 22:50:00,63022.2,63041,63018.9,63041,142.626,8989542.9797,2410,63.16,3980921.9462,108828.488,6860656712.00800037,-16.306,-1.083,-9.236,7.07,2.11888006,1.563205,2.09087919,0.794814
BTCUSDT,1785592500000,2026-08-01 13:55:00,2026-08-01 22:55:00,63041,63041,63032.8,63036.7,53.393,3365768.3129,1525,22.988,1449093.153,108827.405,6859962281.99206924,-7.417,-17.01,-20.7185,-13.3015,2.11774791,1.563108,2.08984311,0.756045
BTCUSDT,1785592800000,2026-08-01 14:00:00,2026-08-01 23:00:00,63036.6,63056.3,63036.6,63056.3,115.59,7287153.0983,2470,63.893,4028045.981,108810.395,6861180910.23849964,12.196,39.035,45.133,32.937,2.11788884,1.562005,2.09062346,1.235935
BTCUSDT,1785593100000,2026-08-01 14:05:00,2026-08-01 23:05:00,63056.3,63097.5,63056.2,63063.1,175.274,11055865.5516,3727,128.214,8087315.5141,108849.43,6864393373.97599983,81.154,2.973,43.55,-37.604,2.11888606,1.560248,2.09258413,2.793141
BTCUSDT,1785593400000,2026-08-01 14:10:00,2026-08-01 23:10:00,63063.2,63071.3,63050,63050.1,58.448,3685608.5091,2203,28.581,1802249.2612,108852.403,6863218698.46252823,-1.286,20.378,19.735,21.021,2.11839318,1.560489,2.09146375,0.956933
BTCUSDT,1785593700000,2026-08-01 14:15:00,2026-08-01 23:15:00,63050,63072.3,63050,63072.3,53.305,3361554.5862,1438,39.317,2479395.9115,108872.781,6867339276.56739998,25.329,-9.988,2.6765,-22.6525,2.11814835,1.560343,2.09094229,2.810601
BTCUSDT,1785594000000,2026-08-01 14:20:00,2026-08-01 23:20:00,63072.2,63096.3,63072.2,63081.8,105.59,6661382.4434,2316,82.984,5235171.2718,108862.793,6867595709.06671429,60.378,2.208,32.397,-27.981,2.11944704,1.5602,2.09104854,3.670655
BTCUSDT,1785594300000,2026-08-01 14:25:00,2026-08-01 23:25:00,63081.7,63093.8,63081.7,63088.5,47.206,2978186.6879,1416,29.706,1874128.4357,108865.001,6868134550.01333332,12.206,1.491,7.594,-4.612,2.12063484,1.560455,2.09267446,1.7015
BTCUSDT,1785594600000,2026-08-01 14:30:00,2026-08-01 23:30:00,63088.5,63094,63077.7,63077.8,80.999,5109812.5677,2011,31.659,1997238.9916,108866.492,6867366507.07814121,-17.681,-2.813,-11.6535,6.0275,2.12042083,1.559936,2.09337036,0.641668
BTCUSDT,1785594900000,2026-08-01 14:35:00,2026-08-01 23:35:00,63077.7,63077.8,63071.3,63071.9,35.104,2214105.5556,1265,13.369,843205.7181,108863.679,6866239075.52009964,-8.366,-8.678,-12.861,-4.495,2.11997578,1.559961,2.09230882,0.615103
BTCUSDT,1785595200000,2026-08-01 14:40:00,2026-08-01 23:40:00,63071.9,63087,63056.2,63085,137.17,8650813.4529,2526,88.634,5589977.6538,108855.001,6867117738.08500004,40.098,2.912,22.961,-17.137,2.11820337,1.559853,2.09024039,1.826291
BTCUSDT,1785595500000,2026-08-01 14:45:00,2026-08-01 23:45:00,63085,63085,63067,63067.1,62.517,3943369.3933,1704,16.91,1066575.6826,108857.913,6865352884.9623003,-28.697,36.195,21.8465,50.5435,2.1183726,1.560024,2.09084602,0.370686
BTCUSDT,1785595800000,2026-08-01 14:50:00,2026-08-01 23:50:00,63067.1,63071,63047.9,63054.6,116.15,7324642.8736,2319,16.707,1053620.1794,108894.108,6866263532.88599968,-82.736,10.781,-30.587,52.149,2.11986172,1.56044,2.09387561,0.159035
BTCUSDT,1785596100000,2026-08-01 14:55:00,2026-08-01 23:55:00,63054.5,63097.1,63054.5,63097.1,154.814,9765506.18,2390,120.745,7616587.0938,108904.889,6871637280.42095661,86.676,-24.807,18.531,-68.145,2.11915516,1.559099,2.0934337,3.535572
BTCUSDT,1785596400000,2026-08-01 15:00:00,2026-08-02 00:00:00,63097.1,63097.1,63078.6,63093.5,98.946,6242478.6151,3008,46.143,2911137.4493,108880.082,6869615084.8120966,-6.66,-3.877,-7.207,-0.547,2.12041012,1.558824,2.09355411,0.874443
BTCUSDT,1785596700000,2026-08-01 15:05:00,2026-08-02 00:05:00,63093.4,63093.4,63077.7,63077.7,61.72,3893746.9309,1739,23.673,1493402.018,108876.205,6867671483.7489996,-14.374,3.63,-3.557,10.817,2.1199303,1.558704,2.09296717,0.617931
BTCUSDT,1785597000000,2026-08-01 15:10:00,2026-08-02 00:10:00,63077.8,63077.8,63077.7,63077.8,30.632,1932198.0406,937,19.342,1220050.8076,108879.835,6867893265.35979462,8.052,-16,-11.974,-20.026,2.1190921,1.558684,2.09196515,1.715784
BTCUSDT,1785597300000,2026-08-01 15:15:00,2026-08-02 00:15:00,63077.8,63077.8,63044,63044.1,74.438,4693799.3377,1936,5.995,378091.4237,108863.835,6863245107.51359749,-62.448,-23.237,-54.461,7.987,2.1183078,1.558907,2.09198342,0.087632
BTCUSDT,1785597600000,2026-08-01 15:20:00,2026-08-02 00:20:00,63044,63050.5,63036.4,63038.8,131.683,8301822.5511,2190,58.127,3664450.9232,108840.598,6861180689.20240021,-15.429,-28.127,-35.8415,-20.4125,2.11650436,1.559649,2.09019715,0.7902
BTCUSDT,1785597900000,2026-08-01 15:25:00,2026-08-02 00:25:00,63038.7,63038.9,63029.6,63032.4,131.253,8273302.974,2227,64.318,4054128.8926,108812.471,6858722078.30749989,-2.617,16.338,15.0295,17.6465,2.11360141,1.561044,2.08631913,0.960882
BTCUSDT,1785598200000,2026-08-01 15:30:00,2026-08-02 00:30:00,63032.4,63032.5,63029,63032.3,67.416,4249228.1677,1392,21.268,1340531.3902,108828.809,6859730137.53069973,-24.88,-21.39,-33.83,-8.95,2.11059339,1.560858,2.08378423,0.46087
BTCUSDT,1785598500000,2026-08-01 15:35:00,2026-08-02 00:35:00,63032.3,63032.4,63023.5,63029.9,98.124,6184353.0009,1483,46.82,2950815.3662,108807.419,6858120738.8281002,-4.484,0.905,-1.337,3.147,2.1092035,1.562234,2.08186485,0.912566
BTCUSDT,1785598800000,2026-08-01 15:40:00,2026-08-02 00:40:00,63029.8,63036.5,63024.1,63024.1,83.592,5268637.2979,1314,55.589,3503636.92,108808.324,6857557573.44079971,27.586,25.41,39.203,11.617,2.10813055,1.563355,2.08040896,1.985063
BTCUSDT,1785599100000,2026-08-01 15:45:00,2026-08-02 00:45:00,63024.2,63024.2,63003.8,63003.8,133.347,8402768.4705,2123,25.779,1624503.1514,108833.734,6857189127.77740002,-81.789,14.423,-26.4715,55.3175,2.10741971,1.562879,2.07872383,0.239664
BTCUSDT,1785599400000,2026-08-01 15:50:00,2026-08-02 00:50:00,63003.8,63005.6,63000,63000,117.878,7426634.5988,1760,38.812,2445248.6352,108848.157,6857674844.53724194,-40.254,43.855,23.728,63.982,2.10568942,1.56279,2.07427118,0.493229
BTCUSDT,1785599700000,2026-08-01 15:55:00,2026-08-02 00:55:00,63000.1,63000.1,62976.4,62976.4,141.998,8944865.0145,2070,18.301,1152891.1932,108892.012,6857626904.51679993,-105.396,106.116,53.418,158.814,2.10380014,1.562899,2.07198984,0.147972
BTCUSDT,1785600000000,2026-08-01 16:00:00,2026-08-02 01:00:00,62976.4,62983.1,62900.9,62958.3,939.714,59146715.5195,12168,318.369,20037690.2176,108998.128,6862870541.12852859,-302.976,21.297,-130.191,172.785,2.10110863,1.562844,2.06579425,0.512355
BTCUSDT,1785600300000,2026-08-01 16:05:00,2026-08-02 01:05:00,62958.3,62958.3,62929.2,62932,320.113,20147615.7495,3913,183.409,11543127.8434,109019.425,6860810454.10000038,46.705,-16.727,6.6255,-40.0795,2.09936703,1.563225,2.06320349,1.341524
BTCUSDT,1785600600000,2026-08-01 16:10:00,2026-08-02 01:10:00,62932.1,62946.3,62921.6,62921.6,156.786,9867915.3367,3214,62.702,3946464.1462,109002.698,6858837407.29877758,-31.382,5.765,-9.926,21.456,2.09858412,1.563794,2.06337531,0.666458
BTCUSDT,1785600900000,2026-08-01 16:15:00,2026-08-02 01:15:00,62921.7,62944,62911.4,62912.6,161.337,10151596.3436,3958,79.268,4987872.4029,109008.463,6858005829.33380032,-2.801,15.864,14.4635,17.2645,2.09521779,1.563917,2.06131538,0.965945
BTCUSDT,1785601200000,2026-08-01 16:20:00,2026-08-02 01:20:00,62912.7,62920.1,62903.3,62920,148.24,9326381.8581,3830,79.362,4993049.9544,109024.327,6859810654.84000015,10.484,-3.29,1.952,-8.532,2.09180607,1.56422,2.05736846,1.152243
BTCUSDT,1785601500000,2026-08-01 16:25:00,2026-08-02 01:25:00,62920,62939.3,62919.9,62930,187.139,11776672.0084,3289,121.965,7675205.5962,109021.037,6860464914.2322998,56.791,33.594,61.9895,5.1985,2.09202224,1.564866,2.05792231,1.871332
BTCUSDT,1785601800000,2026-08-01 16:30:00,2026-08-02 01:30:00,62930.1,62943.6,62918.3,62941,245.591,15455449.2879,4044,114.81,7225217.0903,109054.631,6864027928.5182476,-15.971,-24.532,-32.5175,-16.5465,2.09322883,1.564689,2.06022442,0.870989
BTCUSDT,1785602100000,2026-08-01 16:35:00,2026-08-02 01:35:00,62941,63006.6,62940.9,62968.7,244.033,15368111.4324,4571,182.751,11508074.5525,109030.099,6865509843.50294495,121.469,63.329,124.0635,2.5945,2.09620253,1.563956,2.06478817,2.981467
BTCUSDT,1785602400000,2026-08-01 16:40:00,2026-08-02 01:40:00,62968.6,62968.7,62930.6,62941.3,149.243,9394156.4036,2453,77.139,4855624.4657,109093.428,6866614988.37669754,5.035,32.72,35.2375,30.2025,2.09591821,1.563302,2.06526026,1.06848
BTCUSDT,1785602700000,2026-08-01 16:45:00,2026-08-02 01:45:00,62941.3,62941.3,62924,62924.4,165.572,10419651.6264,3893,46.038,2897203.7347,109126.148,6867123894.8986454,-73.496,24.734,-12.014,61.482,2.09381962,1.56102,2.06271116,0.385141
BTCUSDT,1785603000000,2026-08-01 16:50:00,2026-08-02 01:50:00,62924.5,62924.5,62891.2,62900,215.499,13556401.5888,3807,46.969,2954777.3816,109150.882,6865579562.71179962,-121.561,-54.961,-115.7415,5.8195,2.09103873,1.561315,2.05807488,0.278718
BTCUSDT,1785603300000,2026-08-01 16:55:00,2026-08-02 01:55:00,62899.9,62900,62838.8,62899.9,495.37,31146644.5497,7471,132.179,8310517.742,109095.921,6862597340.74929047,-231.012,6.673,-108.833,122.179,2.09096592,1.560752,2.05579206,0.363906
BTCUSDT,1785603600000,2026-08-01 17:00:00,2026-08-02 02:00:00,62899.9,62946.8,62899.9,62946.8,128.313,8073843.9774,2708,114.222,7187339.4612,109102.594,6867653530.19436359,100.131,-47.325,2.7405,-97.3905,2.09105911,1.560127,2.05720935,8.108656
BTCUSDT,1785603900000,2026-08-01 17:05:00,2026-08-02 02:05:00,62946.7,62969.5,62944.5,62947.2,232.719,14651306.3345,3593,120.387,7579167.0877,109055.269,6865144134.91611099,8.055,31.52,35.5475,27.4925,2.09380318,1.561141,2.05989527,1.071667
BTCUSDT,1785604200000,2026-08-01 17:10:00,2026-08-02 02:10:00,62947.2,62947.2,62833.5,62867.7,277.842,17470573.6071,5629,98.271,6177866.751,109086.789,6858369625.24032211,-81.3,13.549,-27.101,54.199,2.09092046,1.562638,2.05584708,0.546939
BTCUSDT,1785604500000,2026-08-01 17:15:00,2026-08-02 02:15:00,62867.7,62867.7,62817.4,62853.9,336.644,21153932.7912,7493,124.883,7847237.2726,109100.338,6857381734.6182003,-86.878,-20.374,-63.813,23.065,2.08610098,1.563413,2.04926649,0.589178
BTCUSDT,1785604800000,2026-08-01 17:20:00,2026-08-02 02:20:00,62853.8,62864.9,62840.1,62856.1,144.806,9101537.2897,3602,74.444,4678997.5721,109079.964,6856494306.48472309,4.082,-98.816,-96.775,-100.857,2.08530131,1.563821,2.04736814,1.058485
BTCUSDT,1785605100000,2026-08-01 17:25:00,2026-08-02 02:25:00,62856.2,62856.2,62772.8,62812.9,559.888,35157867.135,9979,158.634,9961183.3695,108981.148,6845076001.61101151,-242.62,-27.292,-148.602,94.018,2.0789362,1.564124,2.03745076,0.395337
BTCUSDT,1785605400000,2026-08-01 17:30:00,2026-08-02 02:30:00,62813,62819.9,62714.4,62734.5,793.743,49822363.1356,11670,330.451,20742575.7511,108953.856,6834533746.8671999,-132.841,-4.183,-70.6035,62.2375,2.07366083,1.562481,2.02921348,0.713976
BTCUSDT,1785605700000,2026-08-01 17:35:00,2026-08-02 02:35:00,62734.6,62788.8,62708.6,62742.7,441.885,27723789.1124,8828,216.974,13613131.4718,108949.673,6835807543.10439968,-7.937,-39.32,-43.2885,-35.3515,2.07033471,1.564819,2.02507989,0.964784
BTCUSDT,1785606000000,2026-08-01 17:40:00,2026-08-02 02:40:00,62742.8,62800.8,62742.7,62789.9,252.581,15857766.4533,4474,152.525,9575821.9715,108910.353,6838479099.74822426,52.469,105.988,132.2225,79.7535,2.07248041,1.566605,2.02663099,1.524386
BTCUSDT,1785606300000,2026-08-01 17:45:00,2026-08-02 02:45:00,62790,62790.6,62740.1,62772.6,430.446,27014910.8025,6680,278.896,17503558.517,109016.341,6843526339.79785633,127.346,98.707,162.38,35.034,2.06975121,1.569001,2.02187819,1.84033
BTCUSDT,1785606600000,2026-08-01 17:50:00,2026-08-02 02:50:00,62772.6,62772.7,62633.3,62688.2,1037.518,65025456.3122,14946,262.461,16447697.6677,109115.048,6840419487.33851051,-512.596,5.594,-250.704,261.892,2.07147143,1.568493,2.0222414,0.338049
BTCUSDT,1785606900000,2026-08-01 17:55:00,2026-08-02 02:55:00,62688.3,62696,62672.5,62684,201.352,12621546.8097,3744,107.316,6726969.6365,109120.642,6840129235.19219971,13.28,-64.4,-57.76,-71.04,2.07148747,1.56898,2.02083558,1.136312
BTCUSDT,1785607200000,2026-08-01 18:00:00,2026-08-02 03:00:00,62684.1,62684.1,62588.8,62674.5,794.969,49792705.7498,13175,301.163,18864665.854,109056.242,6835045439.22900009,-192.643,-23.491,-119.8125,72.8305,2.06772431,1.569428,2.01632082,0.609953
BTCUSDT,1785607500000,2026-08-01 18:05:00,2026-08-02 03:05:00,62674.5,62708,62667.3,62707.9,341.533,21411226.2029,5933,221.895,13910801.9644,109032.751,6837214846.43290043,102.257,25.19,76.3185,-25.9385,2.07363634,1.572717,2.02178285,1.84885
BTCUSDT,1785607800000,2026-08-01 18:10:00,2026-08-02 03:10:00,62708,62710.7,62673.4,62683.9,137.041,8592868.9632,3449,69.498,4357883.3359,109057.941,6836187973.64400005,1.955,-29.881,-28.9035,-30.8585,2.0774271,1.573217,2.02629403,1.031481
BTCUSDT,1785608100000,2026-08-01 18:15:00,2026-08-02 03:15:00,62683.9,62683.9,62568.5,62580.8,544.366,34077760.3019,11879,132.672,8304157.7852,109028.06,6823063217.24800014,-279.022,105.123,-34.388,244.634,2.07483503,1.569339,2.02272115,0.322196
BTCUSDT,1785608400000,2026-08-01 18:20:00,2026-08-02 03:20:00,62580.8,62580.9,62463.9,62488.5,1450.886,90715390.4193,24100,513.16,32085309.1834,109133.183,6819887865.0208292,-424.566,90.772,-121.511,303.055,2.09158907,1.574458,2.03917358,0.549218
BTCUSDT,1785608700000,2026-08-01 18:25:00,2026-08-02 03:25:00,62488.4,62564,62487,62545.1,711.758,44506304.7607,12791,369.207,23085793.9328,109223.955,6831423187.87049961,26.656,-905.182,-891.854,-918.51,2.09222972,1.578892,2.03877492,1.077742
BTCUSDT,1785609000000,2026-08-01 18:30:00,2026-08-02 03:30:00,62545.1,62545.1,62228.8,62373.3,4812.976,299999453.81510001,61696,1753.197,109274246.4606,108318.773,6756148991.24051476,-1306.582,-295.053,-948.344,358.238,2.15400641,1.599375,2.08127526,0.582529
BTCUSDT,1785609300000,2026-08-01 18:35:00,2026-08-02 03:35:00,62373.3,62457.3,62358.1,62400.2,1998.528,124747500.89820001,19690,768.371,47951831.9056,108023.72,6740712535.11600018,-461.786,66.54,-164.353,297.433,2.16898317,1.616345,2.0930189,0.624428
BTCUSDT,1785609600000,2026-08-01 18:40:00,2026-08-02 03:40:00,62400.2,62438.3,62337.9,62345.7,548.181,34202507.8121,11312,265.458,16563835.7111,108090.26,6738130627.88000011,-17.265,-32.045,-40.6775,-23.4125,2.17043674,1.614208,2.09581904,0.939064
BTCUSDT,1785609900000,2026-08-01 18:45:00,2026-08-02 03:45:00,62345.7,62405.1,62250.2,62338,1631.635,101687882.8126,30155,935.676,58319264.6353,108058.215,6736743674.1812973,239.717,25.591,145.4495,-94.2675,2.174938,1.613368,2.09710864,1.344734
BTCUSDT,1785610200000,2026-08-01 18:50:00,2026-08-02 03:50:00,62338,62443.5,62322.8,62432.8,453.217,28276549.0683,13762,296.67,18510018.467,108083.806,6747974643.23680019,140.123,-89.727,-19.6655,-159.7885,2.18148071,1.613778,2.10240851,1.889537
BTCUSDT,1785610500000,2026-08-01 18:55:00,2026-08-02 03:55:00,62432.8,62557,62430.8,62552.5,837.533,52353574.6071,13909,606.928,37938434.2855,107994.079,6755310426.05539989,376.323,55.258,243.4195,-132.9035,2.1920542,1.609978,2.11682903,2.634387
BTCUSDT,1785610800000,2026-08-01 19:00:00,2026-08-02 04:00:00,62552.6,62592.9,62489.7,62584,851.038,53235324.8254,18685,466.972,29212992.4426,108049.337,6762894442.29959965,82.906,12.301,53.754,-29.152,2.20035703,1.606958,2.12943015,1.216086
BTCUSDT,1785611100000,2026-08-01 19:05:00,2026-08-02 04:05:00,62583.9,62596.5,62550,62559.8,292.035,18273144.1474,7358,126.673,7926345.5799,108061.638,6759752540.43480015,-38.689,0.221,-19.1235,19.5655,2.20301917,1.605403,2.13271686,0.765818
BTCUSDT,1785611400000,2026-08-01 19:10:00,2026-08-02 04:10:00,62559.8,62569.9,62515.2,62515.2,368.613,23054997.5669,6747,107.176,6703853.0886,108061.859,6756308603.98638248,-154.261,-28.086,-105.2165,49.0445,2.2056745,1.601709,2.13710042,0.423518
BTCUSDT,1785611700000,2026-08-01 19:15:00,2026-08-02 04:15:00,62515.2,62589.2,62500,62548.1,514.815,32193905.5076,9102,242.489,15164867.223,108033.773,6757926174.21008778,-29.837,93.612,78.6935,108.5305,2.20655143,1.60034,2.13867059,0.890533
BTCUSDT,1785612000000,2026-08-01 19:20:00,2026-08-02 04:20:00,62548.2,62557.4,62456.3,62489.7,340.305,21265876.7178,7413,145.237,9074603.7529,108127.385,6756906102.88782406,-49.831,0.074,-24.8415,24.9895,2.20400399,1.597117,2.13537825,0.744352
BTCUSDT,1785612300000,2026-08-01 19:25:00,2026-08-02 04:25:00,62489.8,62524.5,62485.9,62514.8,95.135,5946772.3718,2953,48.962,3060557.5748,108127.459,6759600555.98184681,2.789,66.199,67.5935,64.8045,2.20550642,1.59703,2.13644832,1.060405
BTCUSDT,1785612600000,2026-08-01 19:30:00,2026-08-02 04:30:00,62514.7,62558.1,62467.8,62476.3,284.735,17801028.9028,7438,121.745,7611745.7105,108193.658,6759611942.0881052,-41.245,30.567,9.9445,51.1895,2.20751398,1.597032,2.13796737,0.755539
BTCUSDT,1785612900000,2026-08-01 19:35:00,2026-08-02 04:35:00,62476.2,62503.1,62430.8,62446.3,236.499,14770751.8183,6936,131.427,8208028.9223,108224.225,6758191599.19499969,26.355,50.737,63.9145,37.5595,2.20378675,1.597435,2.1336816,1.250912
BTCUSDT,1785613200000,2026-08-01 19:40:00,2026-08-02 04:40:00,62446.2,62456.7,62431,62444.2,189.007,11802383.13,4415,114.191,7130415.6919,108274.962,6761159353.46228886,39.375,28.313,48.0005,8.6255,2.2030091,1.598318,2.13102723,1.526213
BTCUSDT,1785613500000,2026-08-01 19:45:00,2026-08-02 04:45:00,62444.3,62493.1,62444.2,62491.1,124.018,7747473.6642,3529,77.273,4827152.68,108303.275,6768221807.08573055,30.528,22.611,37.875,7.347,2.20583915,1.599217,2.13251112,1.652963
BTCUSDT,1785613800000,2026-08-01 19:50:00,2026-08-02 04:50:00,62491.1,62517.6,62480,62489.6,146.626,9164138.6783,3620,82.932,5183160.5266,108325.886,6769024634.01360035,19.238,11.651,21.27,2.032,2.20752637,1.599451,2.13428351,1.300836
BTCUSDT,1785614100000,2026-08-01 19:55:00,2026-08-02 04:55:00,62489.6,62508.8,62471.8,62502.1,65.362,4084972.0259,2364,36.777,2298444.8673,108337.537,6771327698.35950184,8.192,4.477,8.573,0.381,2.20915033,1.599413,2.13594786,1.286543
BTCUSDT,1785614400000,2026-08-01 20:00:00,2026-08-02 05:00:00,62502.1,62529.2,62456.9,62503.2,202.939,12682449.2891,5704,104.783,6548560.7179,108342.014,6771711735.24339962,6.627,8.088,11.4015,4.7745,2.20962578,1.600017,2.13829447,1.067603
BTCUSDT,1785614700000,2026-08-01 20:05:00,2026-08-02 05:05:00,62503.1,62544.9,62491.6,62496.1,170.53,10661243.5541,4274,90.947,5686053.9316,108350.102,6771458809.60219955,11.364,28.402,34.084,22.72,2.21200588,1.601374,2.14140731,1.142866
BTCUSDT,1785615000000,2026-08-01 20:10:00,2026-08-02 05:10:00,62496.1,62532.6,62496.1,62526.6,139.791,8739516.4942,3656,64.021,4002296.011,108378.504,6776554098.25834942,-11.749,18.183,12.3085,24.0575,2.21370057,1.599913,2.14445845,0.84436
BTCUSDT,1785615300000,2026-08-01 20:15:00,2026-08-02 05:15:00,62526.6,62553.1,62523.9,62549.7,92.051,5756950.0223,3553,57.308,3584005.5793,108396.687,6779833383.44550037,22.565,112.71,123.9925,101.4275,2.21277714,1.600382,2.14416364,1.646729
BTCUSDT,1785615600000,2026-08-01 20:20:00,2026-08-02 05:20:00,62549.7,62615.9,62549.6,62583.4,497.571,31139128.9902,8749,373.605,23380182.5468,108509.397,6790979685.25139427,249.639,32.786,157.6055,-92.0335,2.21547848,1.603358,2.14932494,3.013319
BTCUSDT,1785615900000,2026-08-01 20:25:00,2026-08-02 05:25:00,62583.4,62604.3,62550,62588.9,361.248,22606021.8943,6914,234.81,14693307.2239,108542.183,6793535837.56869984,108.372,-14.967,39.219,-69.153,2.21461235,1.602102,2.14918397,1.856924
BTCUSDT,1785616200000,2026-08-01 20:30:00,2026-08-02 05:30:00,62588.8,62591.4,62545.8,62565.2,206.259,12905703.4053,5450,66.529,4162578.9249,108527.216,6790026974.48320007,-73.201,27.636,-8.9645,64.2365,2.21642654,1.602074,2.15077944,0.460769
BTCUSDT,1785616500000,2026-08-01 20:35:00,2026-08-02 05:35:00,62565.2,62598,62528.8,62539,147.139,9205280.6159,4357,43.268,2707228.1478,108554.852,6789074463.49174213,-60.603,-6.951,-37.2525,23.3505,2.21843766,1.602334,2.15423937,0.416621
BTCUSDT,1785616800000,2026-08-01 20:40:00,2026-08-02 05:40:00,62539,62570.2,62539,62569.4,66.241,4143920.1061,3724,38.683,2419990.9276,108547.901,6791811039.85233212,11.125,-19.378,-13.8155,-24.9405,2.21883219,1.602786,2.15421169,1.403656
BTCUSDT,1785617100000,2026-08-01 20:45:00,2026-08-02 05:45:00,62569.4,62607.8,62557.5,62602.8,107.337,6717815.5635,3765,48.501,3035400.2135,108528.523,6794554754.98465347,-10.335,-74.881,-80.0485,-69.7135,2.22013472,1.602897,2.15711293,0.824296
BTCUSDT,1785617400000,2026-08-01 20:50:00,2026-08-02 05:50:00,62602.8,62633.7,62600,62622.8,227.301,14232638.0239,4253,179.19,11220186.2018,108453.642,6791849724.75738811,131.079,-18.35,47.1895,-83.8895,2.22258217,1.604463,2.15931544,3.726694
BTCUSDT,1785617700000,2026-08-01 20:55:00,2026-08-02 05:55:00,62622.7,62642.9,62622.7,62631.8,94.437,5915065.2096,2675,47.071,2948287.8796,108435.292,6791508365.01480007,-0.295,-100.586,-100.7335,-100.4385,2.22514497,1.604328,2.1636092,0.993768
BTCUSDT,1785618000000,2026-08-01 21:00:00,2026-08-02 06:00:00,62631.8,62778,62631.8,62728,1005.218,63046482.7221,16641,704.252,44170511.3981,108334.706,6795694181.06520748,403.286,-29.565,172.078,-231.208,2.23213483,1.606696,2.1745431,2.340039
BTCUSDT,1785618300000,2026-08-01 21:05:00,2026-08-02 06:05:00,62728.1,62754.8,62714.4,62732.4,230.936,14486688.7633,3993,150.763,9457498.2403,108305.141,6794230596.75430012,70.59,11.644,46.939,-23.651,2.23090347,1.607374,2.17305463,1.880521
BTCUSDT,1785618600000,2026-08-01 21:10:00,2026-08-02 06:10:00,62732.4,62732.4,62680.8,62718.1,175.114,10981153.4419,3531,74.633,4679968.457,108316.785,6793433784.98700047,-25.848,-25.649,-38.573,-12.725,2.23057399,1.606437,2.1709392,0.742712
BTCUSDT,1785618900000,2026-08-01 21:15:00,2026-08-02 06:15:00,62718.2,62763.7,62718.1,62749.5,213.698,13407370.3617,4964,133.23,8358577.8583,108291.136,6795246688.68486786,52.762,-3.93,22.451,-30.311,2.23154833,1.607125,2.17273608,1.65556
BTCUSDT,1785619200000,2026-08-01 21:20:00,2026-08-02 06:20:00,62749.5,62754.9,62718.4,62726.5,79.376,4979531.6391,2336,28.2,1768930.2581,108287.206,6792847664.25555992,-22.976,-5.02,-16.508,6.468,2.23149323,1.606577,2.17362642,0.550965
BTCUSDT,1785619500000,2026-08-01 21:25:00,2026-08-02 06:25:00,62726.6,62766.1,62717.1,62766.1,134.071,8411784.1299,3085,89.778,5632736.2034,108282.186,6796439686.47599983,45.485,14.835,37.5775,-7.9075,2.2308953,1.607673,2.17213877,2.027066
BTCUSDT,1785619800000,2026-08-01 21:30:00,2026-08-02 06:30:00,62766.1,62844.9,62746.8,62815.2,390.28,24506772.5734,7549,264.396,16601825.7275,108297.021,6804075804.45455551,138.512,-15.098,54.158,-84.354,2.23382571,1.609928,2.1760306,2.125486
BTCUSDT,1785620100000,2026-08-01 21:35:00,2026-08-02 06:35:00,62815.2,62816.5,62749.8,62756.3,252.197,15830721.3699,3973,97.749,6136031.8895,108281.923,6795372844.36489964,-56.699,20.19,-8.1595,48.5395,2.23455908,1.608821,2.17745927,0.632927
BTCUSDT,1785620400000,2026-08-01 21:40:00,2026-08-02 06:40:00,62756.3,62780.6,62733.9,62766.1,189.182,11871946.8359,7120,95.664,6003055.0336,108302.113,6798215101.20789242,2.146,10.296,11.369,9.223,2.23230159,1.60808,2.17508129,1.022476
BTCUSDT,1785620700000,2026-08-01 21:45:00,2026-08-02 06:45:00,62766.2,62792.9,62753.7,62788.9,92.541,5809542.2736,3507,49.94,3134928.9444,108312.409,6801043592.89254093,7.339,7.376,11.0455,3.7065,2.23277413,1.608295,2.17553768,1.172188
BTCUSDT,1785621000000,2026-08-01 21:50:00,2026-08-02 06:50:00,62788.9,62803,62751.8,62772.5,104.947,6589230.5982,3847,30.099,1889697.8795,108319.785,6799503703.91250038,-44.749,12.232,-10.1425,34.6065,2.23301665,1.608788,2.17733803,0.402109
BTCUSDT,1785621300000,2026-08-01 21:55:00,2026-08-02 06:55:00,62772.5,62792.4,62766,62789.4,60.037,3769249.0141,2677,32.275,2026317.2764,108332.017,6802120071.49486256,4.513,50.617,52.8735,48.3605,2.23324865,1.608899,2.17649744,1.162591
BTCUSDT,1785621600000,2026-08-01 22:00:00,2026-08-02 07:00:00,62789.5,62810,62762.4,62796.1,191.296,12010538.8969,5594,82.888,5204206.4745,108382.634,6806400593.27276134,-25.52,9.258,-3.502,22.018,2.23162572,1.608452,2.17571909,0.764612
BTCUSDT,1785621900000,2026-08-01 22:05:00,2026-08-02 07:05:00,62796.1,62820,62789.2,62814.9,170.789,10726628.6125,4641,87.247,5479842.7482,108391.892,6808957875.29355049,3.705,16.18,18.0325,14.3275,2.23398624,1.609262,2.17788727,1.04899
BTCUSDT,1785622200000,2026-08-01 22:10:00,2026-08-02 07:10:00,62814.9,62844.5,62812.1,62827.5,129.477,8134651.8845,3391,80.655,5067217.3758,108408.072,6811008143.57999992,31.833,-6.281,9.6355,-22.1975,2.2347163,1.608672,2.17835195,1.651899
BTCUSDT,1785622500000,2026-08-01 22:15:00,2026-08-02 07:15:00,62827.5,62840.4,62811.2,62813.6,123.485,7758158.8055,2402,39.246,2465622.8019,108401.791,6809106739.1576004,-44.993,34.244,11.7475,56.7405,2.23422732,1.607804,2.17864754,0.465868
BTCUSDT,1785622800000,2026-08-01 22:20:00,2026-08-02 07:20:00,62813.6,62817,62796.8,62800.9,143.036,8983509.3676,1773,28.044,1761379.0362,108436.035,6809880590.43150043,-86.948,8.914,-34.56,52.388,2.23296372,1.608645,2.17696052,0.243886
BTCUSDT,1785623100000,2026-08-01 22:25:00,2026-08-02 07:25:00,62800.9,62829.6,62800.9,62828.5,270.195,16972869.8897,3220,118.628,7451841.0656,108444.949,6813521393.30977726,-32.939,-6.66,-23.1295,9.8095,2.23402171,1.60352,2.17956721,0.782395
BTCUSDT,1785623400000,2026-08-01 22:30:00,2026-08-02 07:30:00,62828.6,62830.2,62820.8,62826.9,96.206,6044350.0768,1677,46.928,2948293.5702,108438.289,6812841539.17409992,-2.35,5.37,4.195,6.545,2.23448258,1.605097,2.17978341,0.952274
BTCUSDT,1785623700000,2026-08-01 22:35:00,2026-08-02 07:35:00,62826.8,62826.9,62798.4,62817.6,80.161,5034995.8319,2398,25.691,1613693.8032,108443.659,6812852377.39732647,-28.779,12.122,-2.2675,26.5115,2.23370572,1.605289,2.17983708,0.471661
BTCUSDT,1785624000000,2026-08-01 22:40:00,2026-08-02 07:40:00,62817.7,62826.8,62817.7,62817.8,59.278,3724057.3082,1261,29.66,1863363.0361,108455.781,6812956779.58149338,0.042,13.758,13.779,13.737,2.23456659,1.605278,2.18073298,1.001434
BTCUSDT,1785624300000,2026-08-01 22:45:00,2026-08-02 07:45:00,62817.8,62827.2,62802.6,62815.3,80.208,5038502.923,2199,23.415,1470845.5711,108469.539,6813777148.99569321,-33.378,4.12,-12.569,20.809,2.23372429,1.604755,2.17989418,0.412723
BTCUSDT,1785624600000,2026-08-01 22:50:00,2026-08-02 07:50:00,62815.4,62825.7,62807.1,62807.9,67.944,4267820.1917,1635,14.781,928446.4969,108473.659,6813139404.70287418,-38.382,-6.905,-26.096,12.286,2.23355925,1.604105,2.17941887,0.27803
BTCUSDT,1785624900000,2026-08-01 22:55:00,2026-08-02 07:55:00,62808,62808,62800,62800.1,58.924,3700784.3759,1383,10.811,679001.168,108466.754,6811798439.18627453,-37.302,-9.781,-28.432,8.87,2.23197227,1.603847,2.17851504,0.224702
BTCUSDT,1785625200000,2026-08-01 23:00:00,2026-08-02 08:00:00,62800.1,62830,62800,62814.1,156.151,9809222.4923,3723,87.425,5491739.155,108456.973,6812627147.71930027,18.699,-1,8.3495,-10.3495,2.2324652,1.604172,2.17854969,1.271977
BTCUSDT,1785625500000,2026-08-01 23:05:00,2026-08-02 08:05:00,62814.2,62814.2,62800.9,62807.1,112.174,7045234.401,3220,81.29,5105502.0282,108455.973,6811954956.4449482,50.406,15.399,40.602,-9.804,2.27220853,1.604963,2.20789761,2.631269
BTCUSDT,1785625800000,2026-08-01 23:10:00,2026-08-02 08:10:00,62807.1,62807.1,62772.1,62780.8,156.16,9804385.7481,3125,68.521,4301722.2203,108471.372,6809930358.39480019,-19.118,34.677,25.118,44.236,2.26964878,1.603725,2.20466177,0.781753
BTCUSDT,1785626100000,2026-08-01 23:15:00,2026-08-02 08:15:00,62780.9,62780.9,62748.1,62748.2,153.33,9623107.6421,2928,53.436,3353609.5332,108506.049,6808828480.73622894,-46.458,31.823,8.594,55.052,2.26588235,1.602706,2.20003063,0.534909
BTCUSDT,1785626400000,2026-08-01 23:20:00,2026-08-02 08:20:00,62748.2,62759,62737.1,62759,261.469,16406559.6649,3193,139.187,8733506.8318,108537.872,6811728308.84799957,16.905,4.62,13.0725,-3.8325,2.26406776,1.602535,2.19686831,1.138205
BTCUSDT,1785626700000,2026-08-01 23:25:00,2026-08-02 08:25:00,62759,62759.9,62742.3,62745.3,106.184,6663240.1215,1539,44.017,2762041.2775,108542.492,6810536990.19687366,-18.15,7.482,-1.593,16.557,2.26153476,1.603487,2.1944938,0.707998
BTCUSDT,1785627000000,2026-08-01 23:30:00,2026-08-02 08:30:00,62745.3,62762,62745.3,62751.2,105.804,6639202.2692,1596,65.469,4108104.3784,108549.974,6811641128.46879959,25.134,-4.69,7.877,-17.257,2.2607547,1.603186,2.19372148,1.625067
BTCUSDT,1785627300000,2026-08-01 23:35:00,2026-08-02 08:35:00,62751.2,62813.4,62751.2,62793.7,245.557,15417483.5978,3830,195.636,12282709.6448,108545.284,6815949145.38239956,145.715,-9.015,63.8425,-81.8725,2.26068045,1.606859,2.19369249,3.918212
BTCUSDT,1785627600000,2026-08-01 23:40:00,2026-08-02 08:40:00,62793.7,62806.8,62753.3,62799.3,244.728,15363562.8791,4418,180.954,11359474.6507,108536.269,6816834932.65907288,117.18,6.459,65.049,-52.131,2.25849796,1.606498,2.18942614,2.824407
BTCUSDT,1785627900000,2026-08-01 23:45:00,2026-08-02 08:45:00,62799.3,62810.9,62788.2,62790.9,142.46,8946893.0145,3357,40.353,2534238.84,108542.728,6816698931.45001507,-61.754,-25.171,-56.048,5.706,2.25972052,1.6054,2.19287336,0.395251
BTCUSDT,1785628200000,2026-08-01 23:50:00,2026-08-02 08:50:00,62791,62791,62780.6,62790.1,86.116,5406986.0786,1778,37.2,2335671.861,108517.557,6813828255.78569984,-11.716,-1.527,-7.385,4.331,2.25975896,1.605266,2.19268837,0.76048
BTCUSDT,1785628500000,2026-08-01 23:55:00,2026-08-02 08:55:00,62790,62792.3,62790,62792.3,38.175,2397077.7922,749,21.717,1363644.7827,108516.03,6813971110.56900024,5.259,,,,2.26044278,1.605029,2.19357854,1.320546
