symbol,open_time,datetime_utc,datetime_kst,open,high,low,close,volume,quote_volume
BNBUSDT,1790812800000,2026-10-01 00:00:00,2026-10-01 09:00:00,769.28,769.55,768.48,768.5,496.299,381638.65009
BNBUSDT,1790813100000,2026-10-01 00:05:00,2026-10-01 09:05:00,768.52,769.16,768.29,768.51,179.394,137912.5505
BNBUSDT,1790813400000,2026-10-01 00:10:00,2026-10-01 09:10:00,768.52,769.44,768.45,768.45,416.556,320331.92819
BNBUSDT,1790813700000,2026-10-01 00:15:00,2026-10-01 09:15:00,768.45,768.56,767.72,767.9,306.91,235769.55759
BNBUSDT,1790814000000,2026-10-01 00:20:00,2026-10-01 09:20:00,767.91,768.58,767.46,768.52,385.56,296098.39056
BNBUSDT,1790814300000,2026-10-01 00:25:00,2026-10-01 09:25:00,768.51,768.97,768.24,768.72,296.791,228120.28611
BNBUSDT,1790814600000,2026-10-01 00:30:00,2026-10-01 09:30:00,768.72,769.48,768.09,769.2,143.551,110388.41187
BNBUSDT,1790814900000,2026-10-01 00:35:00,2026-10-01 09:35:00,769.18,769.94,769.1,769.79,245.502,188975.53594
BNBUSDT,1790815200000,2026-10-01 00:40:00,2026-10-01 09:40:00,769.79,770.13,769.36,770.12,121.837,93790.42048
BNBUSDT,1790815500000,2026-10-01 00:45:00,2026-10-01 09:45:00,770.11,770.29,769.4,769.68,121.024,93156.40075
BNBUSDT,1790815800000,2026-10-01 00:50:00,2026-10-01 09:50:00,769.68,770.23,769.12,769.99,301.94,232395.91873
BNBUSDT,1790816100000,2026-10-01 00:55:00,2026-10-01 09:55:00,769.99,770.53,769.99,770.23,139.843,107736.77433
BNBUSDT,1790816400000,2026-10-01 01:00:00,2026-10-01 10:00:00,770.23,770.94,770.06,770.4,399.016,307467.52318
BNBUSDT,1790816700000,2026-10-01 01:05:00,2026-10-01 10:05:00,770.39,771.29,770.35,771.1,285.481,220066.36119
BNBUSDT,1790817000000,2026-10-01 01:10:00,2026-10-01 10:10:00,771.1,771.11,770.1,770.1,199.363,153620.2952
BNBUSDT,1790817300000,2026-10-01 01:15:00,2026-10-01 10:15:00,770.1,770.69,769.46,770.23,236.003,181750.58651
BNBUSDT,1790817600000,2026-10-01 01:20:00,2026-10-01 10:20:00,770.23,770.77,770.16,770.65,222.906,171722.26476
BNBUSDT,1790817900000,2026-10-01 01:25:00,2026-10-01 10:25:00,770.66,770.75,769.7,769.71,233.571,179899.78593
BNBUSDT,1790818200000,2026-10-01 01:30:00,2026-10-01 10:30:00,769.71,770.14,769.04,769.81,372.304,286520.43035
BNBUSDT,1790818500000,2026-10-01 01:35:00,2026-10-01 10:35:00,769.81,770,769,769.24,140.068,107757.44386
BNBUSDT,1790818800000,2026-10-01 01:40:00,2026-10-01 10:40:00,769.25,769.61,768.85,769.37,133.415,102630.96395
BNBUSDT,1790819100000,2026-10-01 01:45:00,2026-10-01 10:45:00,769.37,769.63,768.8,768.82,154.099,118534.40524
BNBUSDT,1790819400000,2026-10-01 01:50:00,2026-10-01 10:50:00,768.82,769.98,768.82,769.39,270.526,208213.07053
BNBUSDT,1790819700000,2026-10-01 01:55:00,2026-10-01 10:55:00,769.38,769.9,769,769.01,167.222,128657.75962
BNBUSDT,1790820000000,2026-10-01 02:00:00,2026-10-01 11:00:00,769.01,769.53,767.85,768.12,295.738,227270.86255
BNBUSDT,1790820300000,2026-10-01 02:05:00,2026-10-01 11:05:00,768.12,768.98,767.68,768.91,280.933,215874.30878
BNBUSDT,1790820600000,2026-10-01 02:10:00,2026-10-01 11:10:00,768.9,769.2,768.26,768.26,136.801,105173.03811
BNBUSDT,1790820900000,2026-10-01 02:15:00,2026-10-01 11:15:00,768.26,768.31,767.41,767.62,490.758,376837.90437
BNBUSDT,1790821200000,2026-10-01 02:20:00,2026-10-01 11:20:00,767.63,767.65,766.73,767.17,404.911,310612.67859
BNBUSDT,1790821500000,2026-10-01 02:25:00,2026-10-01 11:25:00,767.16,767.67,766.75,767.67,301.5,231251.42425
BNBUSDT,1790821800000,2026-10-01 02:30:00,2026-10-01 11:30:00,767.67,768.59,767.66,768.42,123.971,95234.23421
BNBUSDT,1790822100000,2026-10-01 02:35:00,2026-10-01 11:35:00,768.43,768.65,767.05,767.27,184.992,142025.58336
BNBUSDT,1790822400000,2026-10-01 02:40:00,2026-10-01 11:40:00,767.27,768.12,767.27,767.92,140.739,108055.72853
BNBUSDT,1790822700000,2026-10-01 02:45:00,2026-10-01 11:45:00,767.91,767.91,767.37,767.61,71.817,55124.86316
BNBUSDT,1790823000000,2026-10-01 02:50:00,2026-10-01 11:50:00,767.61,768.73,767.55,768.65,80.816,62072.32033
BNBUSDT,1790823300000,2026-10-01 02:55:00,2026-10-01 11:55:00,768.64,769,768.51,768.52,186.569,143430.59075
BNBUSDT,1790823600000,2026-10-01 03:00:00,2026-10-01 12:00:00,768.52,769.17,767.88,767.89,204.369,157109.33444
BNBUSDT,1790823900000,2026-10-01 03:05:00,2026-10-01 12:05:00,767.89,768.05,767.28,767.63,169.821,130374.09427
BNBUSDT,1790824200000,2026-10-01 03:10:00,2026-10-01 12:10:00,767.63,768.05,767.31,767.54,88.639,68039.42067
BNBUSDT,1790824500000,2026-10-01 03:15:00,2026-10-01 12:15:00,767.52,768.03,767.3,767.32,275.812,211717.0003
BNBUSDT,1790824800000,2026-10-01 03:20:00,2026-10-01 12:20:00,767.32,767.33,766.95,767.09,88.769,68095.48226
BNBUSDT,1790825100000,2026-10-01 03:25:00,2026-10-01 12:25:00,767.1,767.95,767.08,767.94,134.521,103253.47619
BNBUSDT,1790825400000,2026-10-01 03:30:00,2026-10-01 12:30:00,767.95,768,767.42,767.88,235.805,181072.83431
BNBUSDT,1790825700000,2026-10-01 03:35:00,2026-10-01 12:35:00,767.87,768.93,767.86,768.88,192.329,147765.55479
BNBUSDT,1790826000000,2026-10-01 03:40:00,2026-10-01 12:40:00,768.89,769.44,768.7,769.11,128.746,99007.6868
BNBUSDT,1790826300000,2026-10-01 03:45:00,2026-10-01 12:45:00,769.11,769.31,768.58,768.64,176.175,135441.16245
BNBUSDT,1790826600000,2026-10-01 03:50:00,2026-10-01 12:50:00,768.64,769.4,768.58,769.25,198.642,152785.58876
BNBUSDT,1790826900000,2026-10-01 03:55:00,2026-10-01 12:55:00,769.25,769.61,768.9,769.53,216.29,166394.62783
BNBUSDT,1790827200000,2026-10-01 04:00:00,2026-10-01 13:00:00,769.53,769.83,769.09,769.26,191.557,147418.43068
BNBUSDT,1790827500000,2026-10-01 04:05:00,2026-10-01 13:05:00,769.26,769.72,769.02,769.72,316.619,243588.71945
BNBUSDT,1790827800000,2026-10-01 04:10:00,2026-10-01 13:10:00,769.73,769.91,769.46,769.75,137.49,105824.71968
BNBUSDT,1790828100000,2026-10-01 04:15:00,2026-10-01 13:15:00,769.74,769.74,768.5,768.51,226.741,174350.79963
BNBUSDT,1790828400000,2026-10-01 04:20:00,2026-10-01 13:20:00,768.51,769.09,768.32,769.04,144.751,111278.55085
BNBUSDT,1790828700000,2026-10-01 04:25:00,2026-10-01 13:25:00,769.04,769.36,768.97,769.09,132.011,101526.85554
BNBUSDT,1790829000000,2026-10-01 04:30:00,2026-10-01 13:30:00,769.1,769.21,768.02,768.17,184.032,141461.97912
BNBUSDT,1790829300000,2026-10-01 04:35:00,2026-10-01 13:35:00,768.16,768.59,768,768.35,303.602,233262.61202
BNBUSDT,1790829600000,2026-10-01 04:40:00,2026-10-01 13:40:00,768.34,768.63,768.21,768.52,131.136,100771.99514
BNBUSDT,1790829900000,2026-10-01 04:45:00,2026-10-01 13:45:00,768.53,770.4,768.53,770.14,386.635,297618.21878
BNBUSDT,1790830200000,2026-10-01 04:50:00,2026-10-01 13:50:00,770.14,770.76,769.84,770,264.482,203710.97053
BNBUSDT,1790830500000,2026-10-01 04:55:00,2026-10-01 13:55:00,770,770.13,769.18,769.62,95.527,73520.6681
BNBUSDT,1790830800000,2026-10-01 05:00:00,2026-10-01 14:00:00,769.64,770.08,769.26,770.05,90.211,69435.79782
BNBUSDT,1790831100000,2026-10-01 05:05:00,2026-10-01 14:05:00,770.06,770.58,769.76,770.48,234.079,180272.82699
BNBUSDT,1790831400000,2026-10-01 05:10:00,2026-10-01 14:10:00,770.49,770.6,770.15,770.23,195.342,150485.95155
BNBUSDT,1790831700000,2026-10-01 05:15:00,2026-10-01 14:15:00,770.23,770.62,770.14,770.62,184.548,142159.03323
BNBUSDT,1790832000000,2026-10-01 05:20:00,2026-10-01 14:20:00,770.63,771,770.53,770.64,165.802,127792.59482
BNBUSDT,1790832300000,2026-10-01 05:25:00,2026-10-01 14:25:00,770.65,770.77,770.47,770.61,150.955,116326.04417
BNBUSDT,1790832600000,2026-10-01 05:30:00,2026-10-01 14:30:00,770.6,770.83,770.37,770.83,251.356,193694.53547
BNBUSDT,1790832900000,2026-10-01 05:35:00,2026-10-01 14:35:00,770.84,771.52,770.68,771.27,422.415,325702.1735
BNBUSDT,1790833200000,2026-10-01 05:40:00,2026-10-01 14:40:00,771.28,771.34,770.73,770.73,125.883,97067.12446
BNBUSDT,1790833500000,2026-10-01 05:45:00,2026-10-01 14:45:00,770.73,771.5,770.73,771.5,147.54,113752.04126
BNBUSDT,1790833800000,2026-10-01 05:50:00,2026-10-01 14:50:00,771.49,771.99,771.49,771.92,112.049,86469.96263
BNBUSDT,1790834100000,2026-10-01 05:55:00,2026-10-01 14:55:00,771.92,771.97,771.68,771.97,184.14,142117.58309
BNBUSDT,1790834400000,2026-10-01 06:00:00,2026-10-01 15:00:00,771.98,772.02,771.64,771.82,193.308,149200.03726
BNBUSDT,1790834700000,2026-10-01 06:05:00,2026-10-01 15:05:00,771.84,771.89,771.31,771.45,162.77,125574.1994
BNBUSDT,1790835000000,2026-10-01 06:10:00,2026-10-01 15:10:00,771.44,772.03,771.44,771.87,181.692,140219.97853
BNBUSDT,1790835300000,2026-10-01 06:15:00,2026-10-01 15:15:00,771.88,771.97,771.37,771.37,214.097,165231.44823
BNBUSDT,1790835600000,2026-10-01 06:20:00,2026-10-01 15:20:00,771.38,772.04,771.23,772.03,115.932,89444.76355
BNBUSDT,1790835900000,2026-10-01 06:25:00,2026-10-01 15:25:00,772.04,772.5,771.99,772.44,282.637,218288.59037
BNBUSDT,1790836200000,2026-10-01 06:30:00,2026-10-01 15:30:00,772.45,772.5,770.81,771.16,252.91,195138.37031
BNBUSDT,1790836500000,2026-10-01 06:35:00,2026-10-01 15:35:00,771.17,771.78,770.76,770.77,176.62,136204.19329
BNBUSDT,1790836800000,2026-10-01 06:40:00,2026-10-01 15:40:00,770.77,771.34,770.63,771.23,352.266,271544.01254
BNBUSDT,1790837100000,2026-10-01 06:45:00,2026-10-01 15:45:00,771.2,771.5,770.88,770.93,389.967,300784.68784
BNBUSDT,1790837400000,2026-10-01 06:50:00,2026-10-01 15:50:00,770.93,771.6,770.83,771.32,261.663,201802.74295
BNBUSDT,1790837700000,2026-10-01 06:55:00,2026-10-01 15:55:00,771.32,771.33,770.7,770.7,291.51,224743.64677
BNBUSDT,1790838000000,2026-10-01 07:00:00,2026-10-01 16:00:00,770.71,770.82,770.04,770.57,277.94,214129.20298
BNBUSDT,1790838300000,2026-10-01 07:05:00,2026-10-01 16:05:00,770.58,771.57,770.43,771.51,339.685,261819.08232
BNBUSDT,1790838600000,2026-10-01 07:10:00,2026-10-01 16:10:00,771.51,771.72,770.22,770.22,363.266,280043.49001
BNBUSDT,1790838900000,2026-10-01 07:15:00,2026-10-01 16:15:00,770.22,770.4,768.7,768.74,555.078,427298.92597
BNBUSDT,1790839200000,2026-10-01 07:20:00,2026-10-01 16:20:00,768.74,768.74,765.26,765.38,1375.292,1054241.69025
BNBUSDT,1790839500000,2026-10-01 07:25:00,2026-10-01 16:25:00,765.39,765.83,763.69,764.18,1289.737,985833.8053
BNBUSDT,1790839800000,2026-10-01 07:30:00,2026-10-01 16:30:00,764.18,766.81,764.1,766.81,433.637,332056.20454
BNBUSDT,1790840100000,2026-10-01 07:35:00,2026-10-01 16:35:00,766.81,766.91,765.28,765.28,388.266,297415.63818
BNBUSDT,1790840400000,2026-10-01 07:40:00,2026-10-01 16:40:00,765.28,765.65,764.21,765.15,567.671,434227.08462
BNBUSDT,1790840700000,2026-10-01 07:45:00,2026-10-01 16:45:00,765.15,766.2,764.74,765,323.731,247816.93717
BNBUSDT,1790841000000,2026-10-01 07:50:00,2026-10-01 16:50:00,765,765.79,764.73,764.74,267.541,204708.63018
BNBUSDT,1790841300000,2026-10-01 07:55:00,2026-10-01 16:55:00,764.74,765.2,763.02,763.72,402.087,307208.9619
BNBUSDT,1790841600000,2026-10-01 08:00:00,2026-10-01 17:00:00,763.73,765.36,763.73,765.15,406.867,311033.22172
BNBUSDT,1790841900000,2026-10-01 08:05:00,2026-10-01 17:05:00,765.15,765.15,763.54,764.19,387.02,295841.50559
BNBUSDT,1790842200000,2026-10-01 08:10:00,2026-10-01 17:10:00,764.19,764.64,763.91,764.3,193.828,148134.15473
BNBUSDT,1790842500000,2026-10-01 08:15:00,2026-10-01 17:15:00,764.3,765.37,764.16,764.63,211.412,161678.62129
BNBUSDT,1790842800000,2026-10-01 08:20:00,2026-10-01 17:20:00,764.62,765.54,764.38,765.28,210.261,160848.6349
BNBUSDT,1790843100000,2026-10-01 08:25:00,2026-10-01 17:25:00,765.27,766,765.27,765.47,202.502,155038.02794
BNBUSDT,1790843400000,2026-10-01 08:30:00,2026-10-01 17:30:00,765.46,765.46,763.45,764.16,446.84,341605.04446
BNBUSDT,1790843700000,2026-10-01 08:35:00,2026-10-01 17:35:00,764.16,765.76,763.8,765.71,327.7,250627.05132
BNBUSDT,1790844000000,2026-10-01 08:40:00,2026-10-01 17:40:00,765.72,765.96,765.29,765.5,203.22,155589.97512
BNBUSDT,1790844300000,2026-10-01 08:45:00,2026-10-01 17:45:00,765.49,765.75,764.99,765.57,157.579,120607.73797
BNBUSDT,1790844600000,2026-10-01 08:50:00,2026-10-01 17:50:00,765.58,766,765.26,766,262.723,201164.13697
BNBUSDT,1790844900000,2026-10-01 08:55:00,2026-10-01 17:55:00,765.99,766.9,765.99,766.34,907.88,695925.41444
BNBUSDT,1790845200000,2026-10-01 09:00:00,2026-10-01 18:00:00,766.34,766.72,766.23,766.63,253.667,194419.16026
BNBUSDT,1790845500000,2026-10-01 09:05:00,2026-10-01 18:05:00,766.62,766.99,766.52,766.97,225.478,172878.19248
BNBUSDT,1790845800000,2026-10-01 09:10:00,2026-10-01 18:10:00,766.97,767.5,766.95,767.36,242.657,186172.93071
BNBUSDT,1790846100000,2026-10-01 09:15:00,2026-10-01 18:15:00,767.37,767.8,767.13,767.51,281.102,215719.47967
BNBUSDT,1790846400000,2026-10-01 09:20:00,2026-10-01 18:20:00,767.51,767.92,767.27,767.8,151.418,116228.23628
BNBUSDT,1790846700000,2026-10-01 09:25:00,2026-10-01 18:25:00,767.8,768.04,767.75,767.85,231.215,177555.63029
BNBUSDT,1790847000000,2026-10-01 09:30:00,2026-10-01 18:30:00,767.85,769.28,767.85,768.57,285.532,219477.48987
BNBUSDT,1790847300000,2026-10-01 09:35:00,2026-10-01 18:35:00,768.57,768.81,768.33,768.56,237.374,182440.13755
BNBUSDT,1790847600000,2026-10-01 09:40:00,2026-10-01 18:40:00,768.56,768.84,768.35,768.84,270.874,208194.65528
BNBUSDT,1790847900000,2026-10-01 09:45:00,2026-10-01 18:45:00,768.84,769.68,768.68,769.16,266.756,205182.32271
BNBUSDT,1790848200000,2026-10-01 09:50:00,2026-10-01 18:50:00,769.16,769.34,768.57,768.79,254.755,195889.89737
BNBUSDT,1790848500000,2026-10-01 09:55:00,2026-10-01 18:55:00,768.78,769.19,768.31,769.09,177.695,136595.73542
BNBUSDT,1790848800000,2026-10-01 10:00:00,2026-10-01 19:00:00,769.1,769.44,765.8,765.81,595.578,456665.99713
BNBUSDT,1790849100000,2026-10-01 10:05:00,2026-10-01 19:05:00,765.81,767.65,765.46,767.5,401.521,307723.10405
BNBUSDT,1790849400000,2026-10-01 10:10:00,2026-10-01 19:10:00,767.49,768.22,767.29,768.21,345.438,265208.94875
BNBUSDT,1790849700000,2026-10-01 10:15:00,2026-10-01 19:15:00,768.21,768.88,767.31,768.33,259.304,199124.95782
BNBUSDT,1790850000000,2026-10-01 10:20:00,2026-10-01 19:20:00,768.33,769.03,768.33,768.9,250.928,192901.43698
BNBUSDT,1790850300000,2026-10-01 10:25:00,2026-10-01 19:25:00,768.9,768.9,767.37,768.16,357.643,274756.04229
BNBUSDT,1790850600000,2026-10-01 10:30:00,2026-10-01 19:30:00,768.16,769.26,768.11,768.98,221.546,170331.31904
BNBUSDT,1790850900000,2026-10-01 10:35:00,2026-10-01 19:35:00,768.98,769.73,768.82,769.64,172.1,132427.46543
BNBUSDT,1790851200000,2026-10-01 10:40:00,2026-10-01 19:40:00,769.64,771.77,769.59,771.39,841.536,648671.9255
BNBUSDT,1790851500000,2026-10-01 10:45:00,2026-10-01 19:45:00,771.39,771.39,770.33,770.71,449.673,346657.49495
BNBUSDT,1790851800000,2026-10-01 10:50:00,2026-10-01 19:50:00,770.7,771,770.12,771,465.617,358724.59606
BNBUSDT,1790852100000,2026-10-01 10:55:00,2026-10-01 19:55:00,771,771.16,769.97,770.35,383.475,295413.0032
BNBUSDT,1790852400000,2026-10-01 11:00:00,2026-10-01 20:00:00,770.36,770.36,769.53,770,361.17,278087.68108
BNBUSDT,1790852700000,2026-10-01 11:05:00,2026-10-01 20:05:00,769.99,770.14,769.47,769.99,146.489,112786.66897
BNBUSDT,1790853000000,2026-10-01 11:10:00,2026-10-01 20:10:00,770,770.03,769.8,769.87,227.082,174831.1138
BNBUSDT,1790853300000,2026-10-01 11:15:00,2026-10-01 20:15:00,769.88,769.88,769.51,769.87,78.895,60727.21014
BNBUSDT,1790853600000,2026-10-01 11:20:00,2026-10-01 20:20:00,769.87,769.88,769.47,769.48,126.064,97026.74562
BNBUSDT,1790853900000,2026-10-01 11:25:00,2026-10-01 20:25:00,769.48,770.19,769.48,770.19,333.549,256806.35796
BNBUSDT,1790854200000,2026-10-01 11:30:00,2026-10-01 20:30:00,770.19,770.19,769.24,769.71,247.308,190355.46224
BNBUSDT,1790854500000,2026-10-01 11:35:00,2026-10-01 20:35:00,769.7,770.69,769.7,770.69,182.639,140683.91033
BNBUSDT,1790854800000,2026-10-01 11:40:00,2026-10-01 20:40:00,770.69,771.08,770.48,770.99,399.933,308264.83014
BNBUSDT,1790855100000,2026-10-01 11:45:00,2026-10-01 20:45:00,771,771.69,770.94,770.98,526.553,406075.12508
BNBUSDT,1790855400000,2026-10-01 11:50:00,2026-10-01 20:50:00,770.99,771.51,770.8,770.82,676.1,521388.77862
BNBUSDT,1790855700000,2026-10-01 11:55:00,2026-10-01 20:55:00,770.83,771.17,770.41,770.43,336.764,259616.40112
BNBUSDT,1790856000000,2026-10-01 12:00:00,2026-10-01 21:00:00,770.44,770.87,770.12,770.13,259.027,199603.07728
BNBUSDT,1790856300000,2026-10-01 12:05:00,2026-10-01 21:05:00,770.13,770.29,769.63,770.08,398.135,306599.94524
BNBUSDT,1790856600000,2026-10-01 12:10:00,2026-10-01 21:10:00,770.09,770.14,770.03,770.13,240.988,185582.98374
BNBUSDT,1790856900000,2026-10-01 12:15:00,2026-10-01 21:15:00,770.14,770.14,769.34,769.72,386.307,297412.53295
BNBUSDT,1790857200000,2026-10-01 12:20:00,2026-10-01 21:20:00,769.72,770.02,769.37,769.59,308.478,237419.1857
BNBUSDT,1790857500000,2026-10-01 12:25:00,2026-10-01 21:25:00,769.6,770.16,769.45,769.75,410.055,315687.17103
BNBUSDT,1790857800000,2026-10-01 12:30:00,2026-10-01 21:30:00,769.74,770.22,769.68,770.21,240.08,184833.96029
BNBUSDT,1790858100000,2026-10-01 12:35:00,2026-10-01 21:35:00,770.21,770.22,769.8,770.14,215.422,165874.23181
BNBUSDT,1790858400000,2026-10-01 12:40:00,2026-10-01 21:40:00,770.15,770.93,769.83,769.85,532.794,410389.72772
BNBUSDT,1790858700000,2026-10-01 12:45:00,2026-10-01 21:45:00,769.85,770.04,769.31,769.38,221.055,170174.37104
BNBUSDT,1790859000000,2026-10-01 12:50:00,2026-10-01 21:50:00,769.39,769.61,768.69,768.97,575.219,442504.10707
BNBUSDT,1790859300000,2026-10-01 12:55:00,2026-10-01 21:55:00,768.98,769.19,767.54,768.36,385.697,296390.79471
BNBUSDT,1790859600000,2026-10-01 13:00:00,2026-10-01 22:00:00,768.37,768.66,767.15,767.27,432.902,332366.17339
BNBUSDT,1790859900000,2026-10-01 13:05:00,2026-10-01 22:05:00,767.27,768.24,766.8,768.02,255.625,196182.71725
BNBUSDT,1790860200000,2026-10-01 13:10:00,2026-10-01 22:10:00,768.02,768.47,767.08,767.69,346.206,265784.30005
BNBUSDT,1790860500000,2026-10-01 13:15:00,2026-10-01 22:15:00,767.68,767.78,767.06,767.65,312.112,239484.758
BNBUSDT,1790860800000,2026-10-01 13:20:00,2026-10-01 22:20:00,767.68,768.31,766.78,766.89,698.087,535688.92789
BNBUSDT,1790861100000,2026-10-01 13:25:00,2026-10-01 22:25:00,766.89,767.15,766.32,766.7,890.597,682861.89121
BNBUSDT,1790861400000,2026-10-01 13:30:00,2026-10-01 22:30:00,766.7,769,766.65,768.25,368.496,282983.79172
BNBUSDT,1790861700000,2026-10-01 13:35:00,2026-10-01 22:35:00,768.26,770.56,768.23,769.53,467.44,359657.61713
BNBUSDT,1790862000000,2026-10-01 13:40:00,2026-10-01 22:40:00,769.54,770.53,769.14,770.19,418.756,322393.89915
BNBUSDT,1790862300000,2026-10-01 13:45:00,2026-10-01 22:45:00,770.18,770.91,768.97,769.05,639.551,492574.56499
BNBUSDT,1790862600000,2026-10-01 13:50:00,2026-10-01 22:50:00,769.06,770.44,768.96,770.44,330.896,254763.07361
BNBUSDT,1790862900000,2026-10-01 13:55:00,2026-10-01 22:55:00,770.45,770.65,769.69,770.36,468.929,361153.94878
BNBUSDT,1790863200000,2026-10-01 14:00:00,2026-10-01 23:00:00,770.35,770.45,768.2,768.81,458.376,352624.70594
BNBUSDT,1790863500000,2026-10-01 14:05:00,2026-10-01 23:05:00,768.8,771,768.06,770.9,438.797,337766.93659
BNBUSDT,1790863800000,2026-10-01 14:10:00,2026-10-01 23:10:00,770.91,770.97,768.77,769.3,774.892,596549.73339
BNBUSDT,1790864100000,2026-10-01 14:15:00,2026-10-01 23:15:00,769.31,770.91,769.31,770.31,912.552,702527.60164
BNBUSDT,1790864400000,2026-10-01 14:20:00,2026-10-01 23:20:00,770.32,770.63,769.15,770.34,866.473,667367.23524
BNBUSDT,1790864700000,2026-10-01 14:25:00,2026-10-01 23:25:00,770.35,770.64,769.39,770.02,926.615,713684.72809
BNBUSDT,1790865000000,2026-10-01 14:30:00,2026-10-01 23:30:00,770,770.09,768.89,769.63,1106.526,851462.93535
BNBUSDT,1790865300000,2026-10-01 14:35:00,2026-10-01 23:35:00,769.63,770.27,769.3,769.52,781.828,601803.91159
BNBUSDT,1790865600000,2026-10-01 14:40:00,2026-10-01 23:40:00,769.51,769.51,768.07,768.34,324.291,249222.24101
BNBUSDT,1790865900000,2026-10-01 14:45:00,2026-10-01 23:45:00,768.34,768.66,765.95,767.06,603.484,463027.64034
BNBUSDT,1790866200000,2026-10-01 14:50:00,2026-10-01 23:50:00,767.06,767.19,765.95,766.53,449.906,344790.40882
BNBUSDT,1790866500000,2026-10-01 14:55:00,2026-10-01 23:55:00,766.54,767.41,766.22,766.94,483.496,370686.59965
BNBUSDT,1790866800000,2026-10-01 15:00:00,2026-10-02 00:00:00,766.95,767.91,766.44,767.37,479.812,368117.73335
BNBUSDT,1790867100000,2026-10-01 15:05:00,2026-10-02 00:05:00,767.37,768.34,764.55,764.55,728.387,558023.53588
BNBUSDT,1790867400000,2026-10-01 15:10:00,2026-10-02 00:10:00,764.56,766.68,764.3,766.68,456.291,349136.0624
BNBUSDT,1790867700000,2026-10-01 15:15:00,2026-10-02 00:15:00,766.68,768.21,766.67,768.15,426.197,327075.41047
BNBUSDT,1790868000000,2026-10-01 15:20:00,2026-10-02 00:20:00,768.15,768.58,767.72,767.72,362.938,278857.18712
BNBUSDT,1790868300000,2026-10-01 15:25:00,2026-10-02 00:25:00,767.73,768.17,767.26,767.27,246.045,188936.41756
BNBUSDT,1790868600000,2026-10-01 15:30:00,2026-10-02 00:30:00,767.26,767.26,765.29,765.65,367.964,281872.03879
BNBUSDT,1790868900000,2026-10-01 15:35:00,2026-10-02 00:35:00,765.63,766.44,765.07,765.87,226.861,173707.643
BNBUSDT,1790869200000,2026-10-01 15:40:00,2026-10-02 00:40:00,765.85,765.87,764.5,764.98,636.616,487168.3239
BNBUSDT,1790869500000,2026-10-01 15:45:00,2026-10-02 00:45:00,764.98,767.82,764.98,767.22,1924.616,1474618.48565
BNBUSDT,1790869800000,2026-10-01 15:50:00,2026-10-02 00:50:00,767.23,767.23,765.8,765.88,549.198,420986.99343
BNBUSDT,1790870100000,2026-10-01 15:55:00,2026-10-02 00:55:00,765.87,766.8,765.75,766.13,330.721,253380.71397
BNBUSDT,1790870400000,2026-10-01 16:00:00,2026-10-02 01:00:00,766.13,767.43,766.13,767.06,234.276,179668.70523
BNBUSDT,1790870700000,2026-10-01 16:05:00,2026-10-02 01:05:00,767.06,767.51,766.51,766.8,201.163,154321.9662
BNBUSDT,1790871000000,2026-10-01 16:10:00,2026-10-02 01:10:00,766.8,767.29,766.19,767.29,222.377,170472.93568
BNBUSDT,1790871300000,2026-10-01 16:15:00,2026-10-02 01:15:00,767.29,767.85,766.8,767.04,339.084,260165.39834
BNBUSDT,1790871600000,2026-10-01 16:20:00,2026-10-02 01:20:00,767.04,767.25,766.3,767.23,147.836,113353.29274
BNBUSDT,1790871900000,2026-10-01 16:25:00,2026-10-02 01:25:00,767.22,767.54,766.91,767.39,152.714,117167.84135
BNBUSDT,1790872200000,2026-10-01 16:30:00,2026-10-02 01:30:00,767.39,768.85,767.3,768.78,268.216,206020.0339
BNBUSDT,1790872500000,2026-10-01 16:35:00,2026-10-02 01:35:00,768.78,769.75,766.35,766.5,722.918,555152.6062
BNBUSDT,1790872800000,2026-10-01 16:40:00,2026-10-02 01:40:00,766.5,767.58,766.37,767.5,162.692,124771.11875
BNBUSDT,1790873100000,2026-10-01 16:45:00,2026-10-02 01:45:00,767.5,768.79,767.24,767.44,176.728,135739.83657
BNBUSDT,1790873400000,2026-10-01 16:50:00,2026-10-02 01:50:00,767.43,767.61,766.57,767.04,166.592,127796.02182
BNBUSDT,1790873700000,2026-10-01 16:55:00,2026-10-02 01:55:00,767.04,767.05,766,766.83,218.835,167723.14741
BNBUSDT,1790874000000,2026-10-01 17:00:00,2026-10-02 02:00:00,766.84,769.88,766.84,769.5,330.434,253983.73489
BNBUSDT,1790874300000,2026-10-01 17:05:00,2026-10-02 02:05:00,769.48,769.86,769.04,769.24,139.46,107310.45353
BNBUSDT,1790874600000,2026-10-01 17:10:00,2026-10-02 02:10:00,769.24,769.92,769.11,769.63,114.182,87859.66328
BNBUSDT,1790874900000,2026-10-01 17:15:00,2026-10-02 02:15:00,769.65,770.99,769.65,770.85,3522.333,2713701.76306
BNBUSDT,1790875200000,2026-10-01 17:20:00,2026-10-02 02:20:00,770.82,772,770.53,771.99,850.741,656110.11736
BNBUSDT,1790875500000,2026-10-01 17:25:00,2026-10-02 02:25:00,772,773.91,772,773.83,1086.175,839500.0554
BNBUSDT,1790875800000,2026-10-01 17:30:00,2026-10-02 02:30:00,773.83,774.48,772.35,772.35,727.59,562878.1297
BNBUSDT,1790876100000,2026-10-01 17:35:00,2026-10-02 02:35:00,772.35,773.48,772.08,773.09,378.994,292865.59771
BNBUSDT,1790876400000,2026-10-01 17:40:00,2026-10-02 02:40:00,773.08,773.72,773.08,773.61,428.329,331265.70921
BNBUSDT,1790876700000,2026-10-01 17:45:00,2026-10-02 02:45:00,773.61,773.67,773.03,773.25,424.005,327887.00451
BNBUSDT,1790877000000,2026-10-01 17:50:00,2026-10-02 02:50:00,773.24,773.37,772.08,772.09,354.387,273957.57214
BNBUSDT,1790877300000,2026-10-01 17:55:00,2026-10-02 02:55:00,772.08,772.89,771.92,772.76,534.83,413151.43156
BNBUSDT,1790877600000,2026-10-01 18:00:00,2026-10-02 03:00:00,772.77,772.77,771.15,771.15,375.537,289856.22264
BNBUSDT,1790877900000,2026-10-01 18:05:00,2026-10-02 03:05:00,771.16,771.37,770.14,771.36,261.631,201676.13244
BNBUSDT,1790878200000,2026-10-01 18:10:00,2026-10-02 03:10:00,771.36,772.04,771.01,771.06,358.194,276364.83885
BNBUSDT,1790878500000,2026-10-01 18:15:00,2026-10-02 03:15:00,771.06,771.32,770.39,770.57,362.099,279135.38854
BNBUSDT,1790878800000,2026-10-01 18:20:00,2026-10-02 03:20:00,770.56,771.17,770.06,770.89,307.112,236650.21807
BNBUSDT,1790879100000,2026-10-01 18:25:00,2026-10-02 03:25:00,770.88,771,770.57,770.62,198.613,153084.87425
BNBUSDT,1790879400000,2026-10-01 18:30:00,2026-10-02 03:30:00,770.61,771.2,770.12,771.17,345.723,266387.97162
BNBUSDT,1790879700000,2026-10-01 18:35:00,2026-10-02 03:35:00,771.16,772.53,770.61,771.94,531.383,410063.45185
BNBUSDT,1790880000000,2026-10-01 18:40:00,2026-10-02 03:40:00,771.96,771.97,770.43,770.84,487.711,376218.01737
BNBUSDT,1790880300000,2026-10-01 18:45:00,2026-10-02 03:45:00,770.84,770.84,769.57,769.89,390.474,300743.70939
BNBUSDT,1790880600000,2026-10-01 18:50:00,2026-10-02 03:50:00,769.89,770.28,769.58,770.03,232.453,179002.51272
BNBUSDT,1790880900000,2026-10-01 18:55:00,2026-10-02 03:55:00,770.04,770.52,769.82,770.38,184.683,142258.40229
BNBUSDT,1790881200000,2026-10-01 19:00:00,2026-10-02 04:00:00,770.39,770.46,769.4,770.15,237.246,182696.70723
BNBUSDT,1790881500000,2026-10-01 19:05:00,2026-10-02 04:05:00,770.16,770.56,769.73,770.51,447.188,344365.53243
BNBUSDT,1790881800000,2026-10-01 19:10:00,2026-10-02 04:10:00,770.52,770.64,769.72,770.09,361.693,278560.5989
BNBUSDT,1790882100000,2026-10-01 19:15:00,2026-10-02 04:15:00,770.09,770.21,769.74,769.91,442.535,340762.60771
BNBUSDT,1790882400000,2026-10-01 19:20:00,2026-10-02 04:20:00,769.91,769.95,769.02,769.07,132.801,102186.43291
BNBUSDT,1790882700000,2026-10-01 19:25:00,2026-10-02 04:25:00,769.07,769.3,768.06,768.13,244.411,187907.44271
BNBUSDT,1790883000000,2026-10-01 19:30:00,2026-10-02 04:30:00,768.13,770.04,768.02,769.5,259.578,199750.68079
BNBUSDT,1790883300000,2026-10-01 19:35:00,2026-10-02 04:35:00,769.49,769.49,768.44,768.63,99.286,76324.4329
BNBUSDT,1790883600000,2026-10-01 19:40:00,2026-10-02 04:40:00,768.63,769.19,768.3,768.89,132.943,102221.08376
BNBUSDT,1790883900000,2026-10-01 19:45:00,2026-10-02 04:45:00,768.9,769.31,768.6,768.83,124.049,95390.67737
BNBUSDT,1790884200000,2026-10-01 19:50:00,2026-10-02 04:50:00,768.84,769.79,768.84,769.1,387.576,298213.60483
BNBUSDT,1790884500000,2026-10-01 19:55:00,2026-10-02 04:55:00,769.09,769.61,768.63,769.57,403.043,309992.86846
BNBUSDT,1790884800000,2026-10-01 20:00:00,2026-10-02 05:00:00,769.57,770.48,769.55,770.42,174.755,134551.26123
BNBUSDT,1790885100000,2026-10-01 20:05:00,2026-10-02 05:05:00,770.42,770.58,770.01,770.13,145.687,112218.39371
BNBUSDT,1790885400000,2026-10-01 20:10:00,2026-10-02 05:10:00,770.12,770.16,769.84,769.97,169.605,130603.95518
BNBUSDT,1790885700000,2026-10-01 20:15:00,2026-10-02 05:15:00,769.96,770.23,769.73,770.19,229.963,177088.48683
BNBUSDT,1790886000000,2026-10-01 20:20:00,2026-10-02 05:20:00,770.2,770.57,770.06,770.14,134.051,103255.11674
BNBUSDT,1790886300000,2026-10-01 20:25:00,2026-10-02 05:25:00,770.14,770.15,769.69,769.82,75.098,57820.50846
BNBUSDT,1790886600000,2026-10-01 20:30:00,2026-10-02 05:30:00,769.82,770.13,769.64,769.64,103.023,79321.51144
BNBUSDT,1790886900000,2026-10-01 20:35:00,2026-10-02 05:35:00,769.63,769.64,769.22,769.4,114.651,88214.62256
BNBUSDT,1790887200000,2026-10-01 20:40:00,2026-10-02 05:40:00,769.4,769.41,768.81,769.28,228.75,175928.84157
BNBUSDT,1790887500000,2026-10-01 20:45:00,2026-10-02 05:45:00,769.28,769.55,768.86,769.37,116.908,89937.72971
BNBUSDT,1790887800000,2026-10-01 20:50:00,2026-10-02 05:50:00,769.38,769.85,769.35,769.82,185.765,142975.68574
BNBUSDT,1790888100000,2026-10-01 20:55:00,2026-10-02 05:55:00,769.82,770.06,769.69,769.98,252.716,194552.55235
BNBUSDT,1790888400000,2026-10-01 21:00:00,2026-10-02 06:00:00,769.99,770.21,769.72,769.85,267.15,205704.94647
BNBUSDT,1790888700000,2026-10-01 21:05:00,2026-10-02 06:05:00,769.85,770.41,769.84,770.25,271.393,209027.39194
BNBUSDT,1790889000000,2026-10-01 21:10:00,2026-10-02 06:10:00,770.26,770.31,769.7,769.94,377.046,290314.93317
BNBUSDT,1790889300000,2026-10-01 21:15:00,2026-10-02 06:15:00,769.94,770.02,769.67,769.97,377.476,290619.38479
BNBUSDT,1790889600000,2026-10-01 21:20:00,2026-10-02 06:20:00,769.97,770.57,769.97,770.21,333.612,256985.23683
BNBUSDT,1790889900000,2026-10-01 21:25:00,2026-10-02 06:25:00,770.22,770.38,769.89,769.94,324.586,249988.57458
BNBUSDT,1790890200000,2026-10-01 21:30:00,2026-10-02 06:30:00,769.94,770.07,769.39,769.86,314.526,242104.02807
BNBUSDT,1790890500000,2026-10-01 21:35:00,2026-10-02 06:35:00,769.85,770.02,769.45,769.66,306.645,236033.13886
BNBUSDT,1790890800000,2026-10-01 21:40:00,2026-10-02 06:40:00,769.65,769.65,769.04,769.19,250.998,193104.77196
BNBUSDT,1790891100000,2026-10-01 21:45:00,2026-10-02 06:45:00,769.18,770.01,769.18,769.91,178.77,137609.53622
BNBUSDT,1790891400000,2026-10-01 21:50:00,2026-10-02 06:50:00,769.92,770.26,769.79,770.05,125.859,96906.22001
BNBUSDT,1790891700000,2026-10-01 21:55:00,2026-10-02 06:55:00,770.05,770.54,770.03,770.32,226.42,174401.60916
BNBUSDT,1790892000000,2026-10-01 22:00:00,2026-10-02 07:00:00,770.31,771.9,770.23,771.77,319.436,246353.50631
BNBUSDT,1790892300000,2026-10-01 22:05:00,2026-10-02 07:05:00,771.76,772,770.92,771.09,291.989,225318.81306
BNBUSDT,1790892600000,2026-10-01 22:10:00,2026-10-02 07:10:00,771.1,771.88,771.1,771.47,204.65,157900.63486
BNBUSDT,1790892900000,2026-10-01 22:15:00,2026-10-02 07:15:00,771.47,771.54,771.12,771.24,97.5,75202.55662
BNBUSDT,1790893200000,2026-10-01 22:20:00,2026-10-02 07:20:00,771.24,771.35,770.77,771.13,108.722,83838.4398
BNBUSDT,1790893500000,2026-10-01 22:25:00,2026-10-02 07:25:00,771.14,771.3,771.11,771.29,62.207,47975.45965
BNBUSDT,1790893800000,2026-10-01 22:30:00,2026-10-02 07:30:00,771.29,771.3,770.92,770.92,221.777,171031.02972
BNBUSDT,1790894100000,2026-10-01 22:35:00,2026-10-02 07:35:00,770.92,771.43,770.92,771.13,108.281,83509.92126
BNBUSDT,1790894400000,2026-10-01 22:40:00,2026-10-02 07:40:00,771.12,771.12,770.4,770.41,82.637,63697.381
BNBUSDT,1790894700000,2026-10-01 22:45:00,2026-10-02 07:45:00,770.4,770.46,770.12,770.12,67.249,51799.28709
BNBUSDT,1790895000000,2026-10-01 22:50:00,2026-10-02 07:50:00,770.12,771.11,769.81,771.1,71.821,55335.04997
BNBUSDT,1790895300000,2026-10-01 22:55:00,2026-10-02 07:55:00,771.09,771.14,770.9,771.01,59.473,45854.92119
BNBUSDT,1790895600000,2026-10-01 23:00:00,2026-10-02 08:00:00,771.02,771.02,770.33,770.42,168.319,129709.95153
BNBUSDT,1790895900000,2026-10-01 23:05:00,2026-10-02 08:05:00,770.42,770.58,770.17,770.18,91.12,70194.44987
BNBUSDT,1790896200000,2026-10-01 23:10:00,2026-10-02 08:10:00,770.18,770.26,770.07,770.21,92.198,71008.04223
BNBUSDT,1790896500000,2026-10-01 23:15:00,2026-10-02 08:15:00,770.21,770.68,770.11,770.45,112.191,86429.81406
BNBUSDT,1790896800000,2026-10-01 23:20:00,2026-10-02 08:20:00,770.46,770.59,770.36,770.58,75.219,57956.30403
BNBUSDT,1790897100000,2026-10-01 23:25:00,2026-10-02 08:25:00,770.58,770.64,770.23,770.23,77.84,59974.62646
BNBUSDT,1790897400000,2026-10-01 23:30:00,2026-10-02 08:30:00,770.24,770.89,770.1,770.81,116.329,89625.01329
BNBUSDT,1790897700000,2026-10-01 23:35:00,2026-10-02 08:35:00,770.82,771,770.76,770.86,122.795,94666.1356
BNBUSDT,1790898000000,2026-10-01 23:40:00,2026-10-02 08:40:00,770.85,771,770.66,770.71,94.581,72900.56967
BNBUSDT,1790898300000,2026-10-01 23:45:00,2026-10-02 08:45:00,770.7,771.24,770.41,771.19,220.353,169828.42528
BNBUSDT,1790898600000,2026-10-01 23:50:00,2026-10-02 08:50:00,771.19,771.31,770.86,771.27,65.505,50519.29055
BNBUSDT,1790898900000,2026-10-01 23:55:00,2026-10-02 08:55:00,771.27,771.76,771.2,771.75,143.657,110847.85585
